index,Research Method,Continent,hypothesis,support for hypothesis,type of experiment,Habitat,Investigated species,Number of species,has research problem,Specific traits,Species name, Phenotypic plasticity form,Study date,same as,study,publication
"Native jewelweed, but not other native species, displays post-invasion trait divergence/Contribution 1",Experimental,Europe,Phenotypic plasticity,Supported,Field,Terrestrial,Plants,1,Testing the phenotypic plasticity hypothesis in invasion biology,Plant size- germination phenology- phenotypic plasticity,Impatiens parviflora,Morphology: body size,2012,"['https://sws.geonames.org/6255148/', 'https://www.wikidata.org/entity/Q46']","Native jewelweed, but not other native species, displays post-invasion trait divergence/Contribution 1","Native jewelweed, but not other native species, displays post-invasion trait divergence"
Phenotypic shifts in white perch life history strategy across stages of invasion/Contribution 1,Observational or correlational,North-America,Phenotypic plasticity,Supported,Lab,Freshwater,Fishes,1,Testing the phenotypic plasticity hypothesis in invasion biology,Life history traits: age and length at maturity- fecundity- reproductive energy investment- and growth,Morone americana,Life history: age of first reproduction- fecundity- development and growth,2012,"['https://sws.geonames.org/6255149/', 'https://www.wikidata.org/entity/Q49']",Phenotypic shifts in white perch life history strategy across stages of invasion/Contribution 1,Phenotypic shifts in white perch life history strategy across stages of invasion
The acclimation potential of Acacia longifolia to water stress: Implications for invasiveness/Contribution 1,Experimental,Europe,Phenotypic plasticity,Undecided,Enclosure,Terrestrial,Plants,1,Testing the phenotypic plasticity hypothesis in invasion biology,Morphological- physiological and biochemical responses:growth parameters (root:shoot ratio),Acacia longifolia,Physiology: heat shock response;acclimation;Morphology: body size,2012,"['https://sws.geonames.org/6255148/', 'https://www.wikidata.org/entity/Q46']",The acclimation potential of Acacia longifolia to water stress: Implications for invasiveness/Contribution 1,The acclimation potential of Acacia longifolia to water stress: Implications for invasiveness
"Establishment of an Invasive Plant Species (Conium maculatum) in Contaminated Roadside Soil in Cook County, Illinois/Contribution 1",Experimental,North-America,Phenotypic plasticity,Supported,Field/Lab,Terrestrial,Plants,1,Testing the phenotypic plasticity hypothesis in invasion biology,Tolerance to heavy metals,Conium maculatum,Physiology: ressource-use efficiency,2012,"['https://sws.geonames.org/6255149/', 'https://www.wikidata.org/entity/Q49']","Establishment of an Invasive Plant Species (Conium maculatum) in Contaminated Roadside Soil in Cook County, Illinois/Contribution 1","Establishment of an Invasive Plant Species (Conium maculatum) in Contaminated Roadside Soil in Cook County, Illinois"
"Wood anatomical traits as a measure of plant responses to water availability: invasive Acacia mearnsii De Wild. compared with native tree species in fynbos riparian ecotones, South Africa/Contribution 1",Observational or correlational,Africa,Phenotypic plasticity,Supported,Field,Terrestrial,Plants,1,Testing the phenotypic plasticity hypothesis in invasion biology,Wood density- vessel resistance against implosion- vessel lumen diameter and vessel wall thickness,Acacia mearnsii,Morphology: other,2012,,"Wood anatomical traits as a measure of plant responses to water availability: invasive Acacia mearnsii De Wild. compared with native tree species in fynbos riparian ecotones, South Africa/Contribution 1","Wood anatomical traits as a measure of plant responses to water availability: invasive Acacia mearnsii De Wild. compared with native tree species in fynbos riparian ecotones, South Africa"
Nonnative African jewelfish are more fit but not bolder at the invasion front: a trait comparison across an Everglades range expansion/Contribution 1,Experimental,Africa,Phenotypic plasticity,Undecided,Field/Lab,Freshwater,Fishes,1,Testing the phenotypic plasticity hypothesis in invasion biology,Variation in reproductive investment- body condition- gut fullness- boldness- and dispersal behavior,Hemichromis letourneuxi,Life history: fecundity- development and growth;Behaviour: other,2012,,Nonnative African jewelfish are more fit but not bolder at the invasion front: a trait comparison across an Everglades range expansion/Contribution 1,Nonnative African jewelfish are more fit but not bolder at the invasion front: a trait comparison across an Everglades range expansion
Complex interactions between spatial pattern of resident species and invasiveness of newly arriving species affect invasibility/Contribution 1,Experimental,Europe,Phenotypic plasticity,Questioned,Field,Terrestrial,Plants,1,Testing the phenotypic plasticity hypothesis in invasion biology,Biomass- flowering- capitulum production,Centaurea stoebe;Senecio inaequidens,Life history: fecundity,2012,,Complex interactions between spatial pattern of resident species and invasiveness of newly arriving species affect invasibility/Contribution 1,Complex interactions between spatial pattern of resident species and invasiveness of newly arriving species affect invasibility
Jack-of-all-trades: phenotypic plasticity facilitates the invasion of an alien slug species/Contribution 1,Experimental,Europe,Phenotypic plasticity,Undecided,Lab,Terrestrial,Molluscs,1,Testing the phenotypic plasticity hypothesis in invasion biology,Survival and egg production,Arion lusitanicus,Life history: fecundity;Physiology: acclimation,2012,,Jack-of-all-trades: phenotypic plasticity facilitates the invasion of an alien slug species/Contribution 1,Jack-of-all-trades: phenotypic plasticity facilitates the invasion of an alien slug species
"Seedling traits, plasticity and local differentiation as strategies of invasive species of Impatiens in central Europe/Contribution 1",Experimental,Europe,Phenotypic plasticity,Supported,Lab,Terrestrial,Plants,1,Testing the phenotypic plasticity hypothesis in invasion biology,Effects of species- locality and treatment (simulated shading- and nutrient and moisture levels) on survival (number of seedlings alive): plant survival- stem heigh- biomass- root/shoot ratio ,Impatiens glandulifera;I. parviflora;I. capensis,Life history: development and growth- Physiology: acclimation,2012,,"Seedling traits, plasticity and local differentiation as strategies of invasive species of Impatiens in central Europe/Contribution 1","Seedling traits, plasticity and local differentiation as strategies of invasive species of Impatiens in central Europe"
Morphological variation between non-native lake- and stream-dwelling pumpkinseed Lepomis gibbosusin the Iberian Peninsula/Contribution 1,Observational or correlational,Europe,Phenotypic plasticity,Questioned,Field,Freshwater,Fishes,1,Testing the phenotypic plasticity hypothesis in invasion biology,Body size,Lepomis gibbosus,Morphology: body size ,2012,,Morphological variation between non-native lake- and stream-dwelling pumpkinseed Lepomis gibbosusin the Iberian Peninsula/Contribution 1,Morphological variation between non-native lake- and stream-dwelling pumpkinseed Lepomis gibbosusin the Iberian Peninsula
Norway maple displays greater seasonal growth and phenotypic plasticity to light than native sugar maple/Contribution 1,Experimental,North America,Phenotypic plasticity,Supported,Enclosure,Terrestrial,Plants,1,Testing the phenotypic plasticity hypothesis in invasion biology,Below- and above-ground biomass- stem diameter- height and maximum photosynthesis ,Acer platanoides L.,Physiology: acclimation;organ size,2012,,Norway maple displays greater seasonal growth and phenotypic plasticity to light than native sugar maple/Contribution 1,Norway maple displays greater seasonal growth and phenotypic plasticity to light than native sugar maple
Latitudinal Patterns in Phenotypic Plasticity and Fitness-Related Traits: Assessing the Climatic Variability Hypothesis (CVH) with an Invasive Plant Species/Contribution 1,Experimental,South America,Phenotypic plasticity,Supported,Field,Terrestrial,Plants,1,Testing the phenotypic plasticity hypothesis in invasion biology,Three ecophysiological traits: net photosynthesis- water use efficiency (photosynthesis/foliar transpiration)- foliar angles- and three fitness-related traits: total dry biomass- flower production and seed output,Taraxacum officinale,Life history: Fecundity- Ressource-use efficiency,2012,,Latitudinal Patterns in Phenotypic Plasticity and Fitness-Related Traits: Assessing the Climatic Variability Hypothesis (CVH) with an Invasive Plant Species/Contribution 1,Latitudinal Patterns in Phenotypic Plasticity and Fitness-Related Traits: Assessing the Climatic Variability Hypothesis (CVH) with an Invasive Plant Species
Gas exchange and growth responses to nutrient enrichment in invasive Glyceria maxima and native New Zealand Carex species/Contribution 1,Experimental,Oceania,Phenotypic plasticity,Undecided,Field/Enclosure,Terrestrial,Plants,1,Testing the phenotypic plasticity hypothesis in invasion biology,Gas exchange- the photosynthesis-leaf nitrogen relationship- growth response to nutrient enrichment,Glyceria maxima,Physiology: Ressource-use efficiency;Life history: development and growth,2012,,Gas exchange and growth responses to nutrient enrichment in invasive Glyceria maxima and native New Zealand Carex species/Contribution 1,Gas exchange and growth responses to nutrient enrichment in invasive Glyceria maxima and native New Zealand Carex species
Architectural strategies of Rhamnus cathartica (Rhamnaceae) in relation to canopy openness/Contribution 1,Experimental,North America,Phenotypic plasticity,Undecided,Lab,Terrestrial,Plants,1,Testing the phenotypic plasticity hypothesis in invasion biology,Structural and ontogenic properties: growth form,Rhamnus cathartica L.,Morphology: growth form,2012,,Architectural strategies of Rhamnus cathartica (Rhamnaceae) in relation to canopy openness/Contribution 1,Architectural strategies of Rhamnus cathartica (Rhamnaceae) in relation to canopy openness
Growth and morphology in relation to temperature and light availability during the establishment of three invasive aquatic plant species/Contribution 1,Experimental,Oceania,Phenotypic plasticity,Supported,Lab,Freshwater,Plants,1,Testing the phenotypic plasticity hypothesis in invasion biology,Effect of temperature and light avilability on the initial establishment in terms of growth rate- photosynthesis and morphology ,Elodea canadensis- Egeria densa- Lagarosiphon major,Physiology: acclimation;Morphology: body size,2012,,Growth and morphology in relation to temperature and light availability during the establishment of three invasive aquatic plant species/Contribution 1,Growth and morphology in relation to temperature and light availability during the establishment of three invasive aquatic plant species
"Highly plastic response in morphological and physiological traits to light, soil-N and moisture in the model invasive plant, Phalaris arundinacea/Contribution 1",Experimental,North America,Phenotypic plasticity,Undecided,Lab,Terrestrial,Plants,1,Testing the phenotypic plasticity hypothesis in invasion biology,Biomass- total number of tillers- total leaf chlorophyll- leaf soluble protein content,Phalaris arundinacea,Life history: Fecundity;Physiology: change in chemical composition- ressource-use efficiency,2012,,"Highly plastic response in morphological and physiological traits to light, soil-N and moisture in the model invasive plant, Phalaris arundinacea/Contribution 1","Highly plastic response in morphological and physiological traits to light, soil-N and moisture in the model invasive plant, Phalaris arundinacea"
Phenotypic Plasticity and Population Differentiation in an Ongoing Species Invasion/Contribution 1,Experimental,North America,Phenotypic plasticity,Supported,Lab/Enclosure,Terrestrial,Plants,1,Testing the phenotypic plasticity hypothesis in invasion biology,"Suite of seedling- functional (morphological and
physiological)- life-history- fitness traits",Polygonum cespitosum,Morphology: other;Life history: age of first reproduction- fecundity,2012,,Phenotypic Plasticity and Population Differentiation in an Ongoing Species Invasion/Contribution 1,Phenotypic Plasticity and Population Differentiation in an Ongoing Species Invasion
"The relative importance for plant invasiveness of trait means, and their plasticity and integration in a multivariate framework/Contribution 1",Experimental,North America,Phenotypic plasticity,Supported,Lab,Terrestrial,Plants,1,Testing the phenotypic plasticity hypothesis in invasion biology,Canopy structure- allometrie- leaf physiology- biomass- survival  ,Acacia melanoxylon- Abutilon theophrasti- Oenothera biennis- Gleditsia triacanthos-Nicotiana glauca- Sophora japonica- Ulmus pumila- Schinus molle- Elaeagnus angustifolia- Baccharis halimifolia- Pinus radiata- Datura stramonium- Tropaeolum majus- Solanum bonariense- Ailanthus altissima- Eucalyptus globulus- Cortaderia selloana- Achillea filipendulina- Ampelodesmos mauritanica- Oxalis pes-caprae,Morphology: body shape;Physiology: ressource-use efficiency- acclimation,2012,,"The relative importance for plant invasiveness of trait means, and their plasticity and integration in a multivariate framework/Contribution 1","The relative importance for plant invasiveness of trait means, and their plasticity and integration in a multivariate framework"
"Common and rare plant species respond differently to fertilisation and competition, whether they are alien or native/Contribution 1",Experimental,Europe,Phenotypic plasticity,Questioned,Field/Enclosure,Terrestrial,Plants,1,Testing the phenotypic plasticity hypothesis in invasion biology,Survival- Biomass,Eryngium giganteum- Bidens connata- Bidens bipinnata- Aster lanceolatus- Rudbeckia hirta- Lepidium neglectum- Eleusine indica- Persicaria orientalis- Veronica peregrina- Mimulus guttatus- Heracleum mantegazzianum- Bidens frondosa- Erigeron canadensis- Senecio inaequidens- Solidago canadensis- Lepidium virginicum- Panicum capillare- Veronica persica,Acclimation- Fecundity,2012,,"Common and rare plant species respond differently to fertilisation and competition, whether they are alien or native/Contribution 1","Common and rare plant species respond differently to fertilisation and competition, whether they are alien or native"
Light Response of Native and Introduced Miscanthus sinensis Seedlings/Contribution 1,Experimental,North America,Phenotypic plasticity,Questioned,Enclosure,Terrestrial,Plants,1,Testing the phenotypic plasticity hypothesis in invasion biology,Leaf area- leaf size- growth- biomass allocation,Miscanthus sinensis,Life history: development and growth,2012,,Light Response of Native and Introduced Miscanthus sinensis Seedlings/Contribution 1,Light Response of Native and Introduced Miscanthus sinensis Seedlings
Phenotypic Plasticity in the Invasion of Crofton Weed (Eupatorium adenophorum) in China/Contribution 1,Experimental,Asia,Phenotypic plasticity,Supported,Field/Lab,Terrestrial,Plants,1,Testing the phenotypic plasticity hypothesis in invasion biology,Morphological- growth- biomass allocation traits in response to nitrogen and culm density,Eupatorium adenophorum,Morphology: body size- other;Physiology: acclimation- ressource-use efficiency,2012,,Phenotypic Plasticity in the Invasion of Crofton Weed (Eupatorium adenophorum) in China/Contribution 1,Phenotypic Plasticity in the Invasion of Crofton Weed (Eupatorium adenophorum) in China
"Seasonal Photoperiods Alter Developmental Time and Mass of an Invasive Mosquito, Aedes albopictus (Diptera: Culicidae), Across Its North-South Range in the United States/Contribution 1",Experimental,North America,Phenotypic plasticity,Undecided,Lab,Terrestrial,Insects,1,Testing the phenotypic plasticity hypothesis in invasion biology,Life-history traits:  mass- development times,Aedes albopictus,Life history: development and growth,2012,,"Seasonal Photoperiods Alter Developmental Time and Mass of an Invasive Mosquito, Aedes albopictus (Diptera: Culicidae), Across Its North-South Range in the United States/Contribution 1","Seasonal Photoperiods Alter Developmental Time and Mass of an Invasive Mosquito, Aedes albopictus (Diptera: Culicidae), Across Its North-South Range in the United States"
Comparisons of plastic responses to irradiance and physiological traits by invasive Eupatorium adenophorum and its native congeners/Contribution 1,Experimental,Asia,Phenotypic plasticity,Undecided,Lab,Terrestrial,Plants,1,Testing the phenotypic plasticity hypothesis in invasion biology,Growth rate- biomass,Eupatorium adenophorum,Life history: development and growth,2012,,Comparisons of plastic responses to irradiance and physiological traits by invasive Eupatorium adenophorum and its native congeners/Contribution 1,Comparisons of plastic responses to irradiance and physiological traits by invasive Eupatorium adenophorum and its native congeners
"Seedling defoliation, plant growth and flowering potential in native- and invasive-range Plantago lanceolata populations/Contribution 1",Experimental,North America,Phenotypic plasticity,Questioned,Lab,Terrestrial,Plants,1,Testing the phenotypic plasticity hypothesis in invasion biology,Variation in plant tolerance of seedling-stage tissue loss on subsequent growth and ?owering,Plantago lanceolata,Life history: development and growth- fecundity,2012,,"Seedling defoliation, plant growth and flowering potential in native- and invasive-range Plantago lanceolata populations/Contribution 1","Seedling defoliation, plant growth and flowering potential in native- and invasive-range Plantago lanceolata populations"
Shell morphology and relative growth variability of the invasive pearl oyster Pinctada radiata in coastal Tunisia/Contribution 1,Observational or correlational,Africa,Phenotypic plasticity,Supported,Lab,Marine,Molluscs,1,Testing the phenotypic plasticity hypothesis in invasion biology,Maximum height- width of shell- inflation- hinge length- total weight of shell- soft body- relative shell growth,Pinctada radiata,Life history: development and growth;Morphology: body size;Physiology: organ size,2012,,Shell morphology and relative growth variability of the invasive pearl oyster Pinctada radiata in coastal Tunisia/Contribution 1,Shell morphology and relative growth variability of the invasive pearl oyster Pinctada radiata in coastal Tunisia
Plastic Traits of an Exotic Grass Contribute to Its Abundance but Are Not Always Favourable/Contribution 1,Experimental,Oceania,Phenotypic plasticity,Supported,Field/Enclosure,Terrestrial,Plants,1,Testing the phenotypic plasticity hypothesis in invasion biology,Abundance- leaf traits (specific leaf area- leaf dry matter content- Amax and leaf nitrogen- phosphorus- carbon to nitrogen lelels),Eragrostis curvula,Physiology: ressource-use efficiency,2012,,Plastic Traits of an Exotic Grass Contribute to Its Abundance but Are Not Always Favourable/Contribution 1,Plastic Traits of an Exotic Grass Contribute to Its Abundance but Are Not Always Favourable
Germination patterns and implications for invasiveness in three Taraxacum (Asteraceae) species/Contribution 1,Experimental,North America,Phenotypic plasticity,Undecided,Lab/Enclosure,Terrestrial,Plants,1,Testing the phenotypic plasticity hypothesis in invasion biology, Germination ,Taraxacum officinal- Taraxacum brevicorniculatum,Physiology: acclimation,2012,,Germination patterns and implications for invasiveness in three Taraxacum (Asteraceae) species/Contribution 1,Germination patterns and implications for invasiveness in three Taraxacum (Asteraceae) species
Phenotypic plasticity of Chenopodium murale across contrasting habitat conditions in peri-urban areas in Indian dry tropics: Is it indicative of its invasiveness?/Contribution 1,Observational or correlational,Asia,Phenotypic plasticity,Supported,Field/Lab,Terrestrial,Plants,1,Testing the phenotypic plasticity hypothesis in invasion biology,Plant-level- leaf-level traits ,Chenopodium murale,Life history: development and growth,2012,,Phenotypic plasticity of Chenopodium murale across contrasting habitat conditions in peri-urban areas in Indian dry tropics: Is it indicative of its invasiveness?/Contribution 1,Phenotypic plasticity of Chenopodium murale across contrasting habitat conditions in peri-urban areas in Indian dry tropics: Is it indicative of its invasiveness?
Phenotypic variation of an alien species in a new environment: the body size and diet of American mink over time and at local and continental scales/Contribution 1,Observational or correlational,Europe,Phenotypic plasticity,Supported,Field/Lab,Terrestrial,Mammals,1,Testing the phenotypic plasticity hypothesis in invasion biology,Changes in the body mass and length,Neovison vison,Morphology: body size,2012,,Phenotypic variation of an alien species in a new environment: the body size and diet of American mink over time and at local and continental scales/Contribution 1,Phenotypic variation of an alien species in a new environment: the body size and diet of American mink over time and at local and continental scales
"Phenotypic Plasticity Influences the Size, Shape and Dynamics of the Geographic Distribution of an Invasive Plant/Contribution 1",Observational or correlational,Oceania,Phenotypic plasticity,Undecided,Field/Lab,Terrestrial,Plants,,Testing the phenotypic plasticity hypothesis in invasion biology,The mass and number of seeds,Parkinsonia aculeata,Life history: fecundity,2012,,"Phenotypic Plasticity Influences the Size, Shape and Dynamics of the Geographic Distribution of an Invasive Plant/Contribution 1","Phenotypic Plasticity Influences the Size, Shape and Dynamics of the Geographic Distribution of an Invasive Plant"
Phenotypic divergence of exotic fish populations is shaped by spatial proximity and habitat differences across an invaded landscape/Contribution 1,Observational or correlational,North America,Phenotypic plasticity,Undecided,Field/Lab,Freshwater,Fishes,1,Testing the phenotypic plasticity hypothesis in invasion biology,Morphological (e.g. body shape via geometric morphometrics and linear measurements of traits)- meristic (e.g. counts of pigmentation spots)- growth traits,Salmo trutta,Morphology: body shape;Life history: development and growth,2012,,Phenotypic divergence of exotic fish populations is shaped by spatial proximity and habitat differences across an invaded landscape/Contribution 1,Phenotypic divergence of exotic fish populations is shaped by spatial proximity and habitat differences across an invaded landscape
Intraspecies differences in phenotypic plasticity: Invasive versus non-invasive populations of Ceratophyllum demersum/Contribution 1,Experimental,Oceania,Phenotypic plasticity,Supported,Lab,Terrestrial,Plants,1,Testing the phenotypic plasticity hypothesis in invasion biology,Fitness-related traits: growth and photosynthesis- Acclimation- gas exchange- chlorophyll concentration,Ceratophyllum demersum,Life history: development and growth- Physiology: acclimation-  change in chemical composition,2012,,Intraspecies differences in phenotypic plasticity: Invasive versus non-invasive populations of Ceratophyllum demersum/Contribution 1,Intraspecies differences in phenotypic plasticity: Invasive versus non-invasive populations of Ceratophyllum demersum
"Intra-population variability of life-history traits and growth during range expansion of the invasive round goby, Neogobius melanostomus/Contribution 1",Observational or correlational,North America,Phenotypic plasticity,Supported,Field/Lab,Freshwater,Fishes,1,Testing the phenotypic plasticity hypothesis in invasion biology,Intra-population variations in growth and life-history traits: reproductive allocation- age at maturity- length at maturity- length at age- annual growth increment between age 1 and age 2,Neogobius melanostomus,Life history: development and growth,2012,,"Intra-population variability of life-history traits and growth during range expansion of the invasive round goby, Neogobius melanostomus/Contribution 1","Intra-population variability of life-history traits and growth during range expansion of the invasive round goby, Neogobius melanostomus"
Morphological variation of introduced species: The case of American mink (Neovison vison) in Spain/Contribution 1,Observational or correlational,Europe,Phenotypic plasticity,Supported,Field/Lab,Terrestrial,Mammals,1,Testing the phenotypic plasticity hypothesis in invasion biology,Morphology: body weight- body length- tail length- hind-foot length- ear length,Neovison vison,Morphology: body size,2012,,Morphological variation of introduced species: The case of American mink (Neovison vison) in Spain/Contribution 1,Morphological variation of introduced species: The case of American mink (Neovison vison) in Spain
"Geographically distinct Ceratophyllum demersum populations differ in growth, photosynthetic responses and phenotypic plasticity to nitrogen availability/Contribution 1",Experimental,Europe,Phenotypic plasticity,Undecided,Lab/Enclosure,Freshwater,Plants,1,Testing the phenotypic plasticity hypothesis in invasion biology,Morphological and physiological traits: relative growth rate- stem length- specific leaf area- photosynthesis rates- dry mass- plasticity in response to nitrogen,Ceratophyllum demersum L.,Life history: development and growth- fecundity; Physiology: ressource-use efficiency;Morphology: other,2012,,"Geographically distinct Ceratophyllum demersum populations differ in growth, photosynthetic responses and phenotypic plasticity to nitrogen availability/Contribution 1","Geographically distinct Ceratophyllum demersum populations differ in growth, photosynthetic responses and phenotypic plasticity to nitrogen availability"
Higher plasticity in ecophysiological traits enhances the performance and invasion success of Taraxacum officinale (dandelion) in alpine environments/Contribution 1,Experimental,Europe,Phenotypic plasticity,Supported,Lab/Enclosure,Terrestrial,Plants,1,Testing the phenotypic plasticity hypothesis in invasion biology, Biomass and flower production,Taraxacum officinale,Life history: fecundity,2012,,Higher plasticity in ecophysiological traits enhances the performance and invasion success of Taraxacum officinale (dandelion) in alpine environments/Contribution 1,Higher plasticity in ecophysiological traits enhances the performance and invasion success of Taraxacum officinale (dandelion) in alpine environments
Could phenotypic plasticity limit an invasive species? Incomplete reversibility of mid-winter deacclimation in emerald ash borer/Contribution 1,Experimental,North America,Phenotypic plasticity,Undecided,Lab,Terrestrial,Insects,1,Testing the phenotypic plasticity hypothesis in invasion biology,Acclimation,Agrilus planipennis,Physiology: acclimation,2012,,Could phenotypic plasticity limit an invasive species? Incomplete reversibility of mid-winter deacclimation in emerald ash borer/Contribution 1,Could phenotypic plasticity limit an invasive species? Incomplete reversibility of mid-winter deacclimation in emerald ash borer
Phenology constrains opportunistic growth response in Bromus tectorum L./Contribution 1,Experimental,North America,Phenotypic plasticity,Supported,Lab,Terrestrial,Plants,1,Testing the phenotypic plasticity hypothesis in invasion biology,Phenology in response to interspeci?c competition and water availability: growth reproduction- competitive resonse,Bromus tectorum,Life history: growth- fecundity;Morphology: plant/prey defences;Physiology: ressource-use efficiency,2012,,Phenology constrains opportunistic growth response in Bromus tectorum L./Contribution 1,Phenology constrains opportunistic growth response in Bromus tectorum L.
Multiple common garden experiments suggest lack of local adaptation in an invasive ornamental plant/Contribution 1,Experimental,Europe,Phenotypic plasticity,Questioned,Lab/Enclosure,Terrestrial,Plants,1,Testing the phenotypic plasticity hypothesis in invasion biology,Adaptation to climate: growth and reproductive traits,Buddleja davidii,Physiology: acclimation;Life history: fecundity,2011,,Multiple common garden experiments suggest lack of local adaptation in an invasive ornamental plant/Contribution 1,Multiple common garden experiments suggest lack of local adaptation in an invasive ornamental plant
Invasive Microstegium populations consistently outperform native range populations across diverse environments/Contribution 1,Observational or correlational,North America,Phenotypic plasticity,Questioned,Field,Terrestrial,Plants,1,Testing the phenotypic plasticity hypothesis in invasion biology,Biomass- survival,Microstegium vimineum,Biomass,2011,,Invasive Microstegium populations consistently outperform native range populations across diverse environments/Contribution 1,Invasive Microstegium populations consistently outperform native range populations across diverse environments
Multispecies comparison reveals that invasive and native plants differ in their traits but not in their plasticity/Contribution 1,Experimental,Europe,Phenotypic plasticity,Questioned,Lab/Enclosure,Terrestrial,Plants,1,Testing the phenotypic plasticity hypothesis in invasion biology,Fitness-related variables: Survival- Total biomass. 20 variables related to plant- and leaf-level traits,20 exotic species: Acacia melanoxylon-Gleditsia triacanthos-Sophora japonica-Ulmus pumila-Elaeagnus angustifolia- Oxalis pescapra- Abutilon theophrasti-Schinus molle-Tropaeolum majus- Ailanthus altissima-Oenothera biennis- Eucalyptus globulus- Nicotiana glauca- Hyosciamus niger- Solanum bonariense- Baccharis halimifolia- Achillea filipendulina- Cortaderia selloana- Ampelodesmos mauritanica- Pinus radiata,Physiology: ressource-use efficiency- change in chemical composition- acclimation- organ size ,2011,,Multispecies comparison reveals that invasive and native plants differ in their traits but not in their plasticity/Contribution 1,Multispecies comparison reveals that invasive and native plants differ in their traits but not in their plasticity
Nitrogen acquisition by annual and perennial grass seedlings: testing the roles of performance and plasticity to explain plant invasion /Contribution 1,Experimental,North America,Phenotypic plasticity,Supported,Lab,Terrestrial,Plants,1,Testing the phenotypic plasticity hypothesis in invasion biology,Growth and acquisition of resources,Bromus tectorum- Taeniatherum caput-medusae (invasive);Pseudoroegneria spicata- Elymus elymoides- Agropyron cristatum (native),Life history: development and growth;Physiology: ressource-use efficiency,2011,,Nitrogen acquisition by annual and perennial grass seedlings: testing the roles of performance and plasticity to explain plant invasion /Contribution 1,Nitrogen acquisition by annual and perennial grass seedlings: testing the roles of performance and plasticity to explain plant invasion 
Heritable pollution tolerance in a marine invader/Contribution 1,Experimental,Oceania,Phenotypic plasticity,Supported,Lab,Marine,Other invertebrates,1,Testing the phenotypic plasticity hypothesis in invasion biology,Tolerance to copper: Larval size,Watersipora subtorquata,Morphology: body size,2011,,Heritable pollution tolerance in a marine invader/Contribution 1,Heritable pollution tolerance in a marine invader
A comparison of univariate and multivariate methods for analyzing clinal variation in an invasive species/Contribution 1,Experimental,North America,Phenotypic plasticity,Undecided,Enclosure,Terrestrial,Plants,1,Testing the phenotypic plasticity hypothesis in invasion biology,Life-history characteristics: time to flowering- plant size at time of flowering (plant height)- total plant mass,Lythrum salicaria L. , Life history: age of first reproduction- fecundity;Morphology: body size,2011,,A comparison of univariate and multivariate methods for analyzing clinal variation in an invasive species/Contribution 1,A comparison of univariate and multivariate methods for analyzing clinal variation in an invasive species
Lantana camara L.: a weed with great light-acclimation capacity/Contribution 1,Experimental,Europe,Phenotypic plasticity,Undecided, Lab/Enclosure,Terrestrial,Plants,1,Testing the phenotypic plasticity hypothesis in invasion biology,Morphological and physiological responses to different light fluxes: leaf size- leaf biomass- leaf area index and plant height;stomatal conductance- photosynthetic rates- efficiency of photosystem II,Lantana camara,Physiology: acclimation- organ size;Life history: development and growth,2011,,Lantana camara L.: a weed with great light-acclimation capacity/Contribution 1,Lantana camara L.: a weed with great light-acclimation capacity
Hard traits of three Bromus species in their source area explain their current invasive success/Contribution 1,Experimental,Europe,Phenotypic plasticity,Supported,Lab/Enclosure,Terrestrial,Plants,1,Testing the phenotypic plasticity hypothesis in invasion biology,Phenotypic plasticity in response to nitrogen and water availability- competitive ability- generalist-specialist character,Bromus tectorum- Bromus sterilis- Bromus squarrosus,Physiology: ressource-use efficiency;Morphology: plant/prey defences,2011,,Hard traits of three Bromus species in their source area explain their current invasive success/Contribution 1,Hard traits of three Bromus species in their source area explain their current invasive success
High temperature tolerance and thermal plasticity in emerald ash borer Agrilus planipennis/Contribution 1,Experimental,North America,Phenotypic plasticity,Supported,Lab,Terrestrial,Insects,1,Testing the phenotypic plasticity hypothesis in invasion biology,Heat shock response;Expression of heat shock proteins,Agrilus planipennis,Physiology: heat shock response,2011,,High temperature tolerance and thermal plasticity in emerald ash borer Agrilus planipennis/Contribution 1,High temperature tolerance and thermal plasticity in emerald ash borer Agrilus planipennis
Forests are not immune to plant invasions: phenotypic plasticity and local adaptation allow Prunella vulgaris to colonize a temperate evergreen rainforest/Contribution 1,Experimental,South America,Phenotypic plasticity,Supported,Field/Enclosure/Lab,Terrestrial,Plants,1,Testing the phenotypic plasticity hypothesis in invasion biology,Plant height- size- number of leaves per individual- speci?c leaf area,Prunella vulgaris,Life history: fecundity- development and growth,2011,,Forests are not immune to plant invasions: phenotypic plasticity and local adaptation allow Prunella vulgaris to colonize a temperate evergreen rainforest/Contribution 1,Forests are not immune to plant invasions: phenotypic plasticity and local adaptation allow Prunella vulgaris to colonize a temperate evergreen rainforest
Relatedness predicts phenotypic plasticity in plants better than weediness/Contribution 1,Experimental,North America,Phenotypic plasticity,Questioned,Field,Terrestrial,Plants,1,Testing the phenotypic plasticity hypothesis in invasion biology,Total length- leaf dry mass- maximum relative growth rate- leaf toughness- trichome density- and specific leaf area,Acer platanoides- Acer saccharum- Bromus inermis- Bromus latiglumis- Celastrus orbiculatus- Celastrus scandens- Elymus repens- Elymus trachycaulus- Plantago major- Plantago rugelii- Rosa multiflora- Rosa palustris- Solanum dulcamara- and Solanum carolinense,Life history: development and growth,2011,,Relatedness predicts phenotypic plasticity in plants better than weediness/Contribution 1,Relatedness predicts phenotypic plasticity in plants better than weediness
VARIATION IN PHENOTYPIC PLASTICITY AMONG NATIVE AND INVASIVE POPULATIONS OF ALLIARIA PETIOLATA/Contribution 1,Experimental,North America,Phenotypic plasticity,Questioned,Lab,Terrestrial,Plants,1,Testing the phenotypic plasticity hypothesis in invasion biology,Growth and biochemical traits: Plant Growth- Leaf Number- Specific leaf mass- Lenght of the largest leaf- Leaf chlorophyll concentration- Water availability- SOD activity- glucosinolate concentration,Alliaria petiolata,Life history: development and growth- fecundity;Physiology: change in chemical composition,2011,,VARIATION IN PHENOTYPIC PLASTICITY AMONG NATIVE AND INVASIVE POPULATIONS OF ALLIARIA PETIOLATA/Contribution 1,VARIATION IN PHENOTYPIC PLASTICITY AMONG NATIVE AND INVASIVE POPULATIONS OF ALLIARIA PETIOLATA
Preadapted for invasiveness: do species traits or their plastic response to shading differ between invasive and non-invasive plant species in their native range?/Contribution 1,Experimental,Europe,Phenotypic plasticity,Supported,Lab/Enclosure,Terrestrial,Plants,1,Testing the phenotypic plasticity hypothesis in invasion biology,Biomass production and morphological traits: shoot–root ratios- speci?c leaf area,European herbaceous,Life history: fecundity;Morphology: other,2011,,Preadapted for invasiveness: do species traits or their plastic response to shading differ between invasive and non-invasive plant species in their native range?/Contribution 1,Preadapted for invasiveness: do species traits or their plastic response to shading differ between invasive and non-invasive plant species in their native range?
Differential growth patterns and fitness may explain contrasted performances of the invasive Prunus serotina in its exotic range/Contribution 1,Observational or correlational,Europe,Phenotypic plasticity,Supported,Field,Terrestrial,Plants,1,Testing the phenotypic plasticity hypothesis in invasion biology,Radial growth;height growth compared to the main native competitor- leaf traits;seed production;rate of fungal attack,Prunus serotina,Life history: development and growth- sex ratio;Physiology: organ size;Behaviour: Attack ,2011,,Differential growth patterns and fitness may explain contrasted performances of the invasive Prunus serotina in its exotic range/Contribution 1,Differential growth patterns and fitness may explain contrasted performances of the invasive Prunus serotina in its exotic range
Invasive species can handle higher leaf temperature under water stress than Mediterranean natives/Contribution 1,Experimental,Europe,Phenotypic plasticity,Supported,Field/Lab,Terrestrial,Plants,1,Testing the phenotypic plasticity hypothesis in invasion biology,Thermal tolerance: specific leaf area ,Pinus pinaster- Pinus radiata- Schinus molle- Elaeagnus angustifolia- Eucalyptus globulus- Acacia melanoxylon-  Gleditsia triacanthos- Pistacia terebinthus,Physiology: heat shock response,2011,,Invasive species can handle higher leaf temperature under water stress than Mediterranean natives/Contribution 1,Invasive species can handle higher leaf temperature under water stress than Mediterranean natives
"Variation in morphological characters of two invasive leafminers, Liriomyza huidobrensis and L. sativae, across a tropical elevation gradient/Contribution 1",Experimental,Asia,Phenotypic plasticity,Supported,Lab,Terrestrial,Insects,1,Testing the phenotypic plasticity hypothesis in invasion biology,Morphological differences,Liriomyza huidobrensis and L. sativae,Morphology: body size,2011,,"Variation in morphological characters of two invasive leafminers, Liriomyza huidobrensis and L. sativae, across a tropical elevation gradient/Contribution 1","Variation in morphological characters of two invasive leafminers, Liriomyza huidobrensis and L. sativae, across a tropical elevation gradient"
Experimental microevolution: transplantation of pink salmon into the European North/Contribution 1,Observational or correlational,Asia,Phenotypic plasticity,Supported,Field/Lab,Freshwater,Fishes,1,Testing the phenotypic plasticity hypothesis in invasion biology,Morphological and life-history traits (fork length and body weight) as well as molecular genetic markers,Oncorhynchus gorbuscha,Morphology: body size;Life history: development and growth- fecundity,2011,,Experimental microevolution: transplantation of pink salmon into the European North/Contribution 1,Experimental microevolution: transplantation of pink salmon into the European North
Phenotypic plasticity of introduced versus native purple loosestrife: univariate and multivariate reaction norm approaches/Contribution 1,Experimental,North America,Phenotypic plasticity,Supported,Lab,Terrestrial,Plants,1,Testing the phenotypic plasticity hypothesis in invasion biology,Height: final height at harvest Branch: number of secondary branches;Stem: number of stems originating from the rootstock;LeafArea: leaf area of the largest leaf;NDFF: number of days from sowing to the first flowering;MassT: aboveground biomass;RatioRT: ratio of reproductive (flowering) part to the aboveground biomass;Flower: total number of flowers per plant, Lythrum salicaria,Life history: fecundity;devepopment and growth;Physiology: organ size,2011,,Phenotypic plasticity of introduced versus native purple loosestrife: univariate and multivariate reaction norm approaches/Contribution 1,Phenotypic plasticity of introduced versus native purple loosestrife: univariate and multivariate reaction norm approaches
Differential patterns of plasticity to water availability along native and naturalized latitudinal gradients/Contribution 1,Experimental,North America,Phenotypic plasticity,Supported,Lab/Enclosure,Terrestrial,Plants,1,Testing the phenotypic plasticity hypothesis in invasion biology,Morphological and fitness-related traits,Arubidopsis thaliana,Morphologie: other,2011,,Differential patterns of plasticity to water availability along native and naturalized latitudinal gradients/Contribution 1,Differential patterns of plasticity to water availability along native and naturalized latitudinal gradients
Functional differences in response to drought in the invasive Taraxacum officinale from native and introduced alpine habitat ranges/Contribution 1,Experimental,Europe,Phenotypic plasticity,Questioned,Enclosure,Terrestrial,Plants,1,Testing the phenotypic plasticity hypothesis in invasion biology,Fitness and physiological responses to drought,Taraxacum officinale,Physiology: heat shock response,2011,,Functional differences in response to drought in the invasive Taraxacum officinale from native and introduced alpine habitat ranges/Contribution 1,Functional differences in response to drought in the invasive Taraxacum officinale from native and introduced alpine habitat ranges
"Morphological differentiation of introduced pikeperch (Sander lucioperca L., 1758) populations in Tunisian freshwaters/Contribution 1",Observational or correlational,Africa,Phenotypic plasticity,Supported,Field/Lab,Freshwater,Fishes,1,Testing the phenotypic plasticity hypothesis in invasion biology,Nine meristic counts and 23 morphological measurements,Sander lucioperca L,Morphology: body size;Physiology: organ size,2011,,"Morphological differentiation of introduced pikeperch (Sander lucioperca L., 1758) populations in Tunisian freshwaters/Contribution 1","Morphological differentiation of introduced pikeperch (Sander lucioperca L., 1758) populations in Tunisian freshwaters"
Elevational distribution limits of non-native species: combining observational and experimental evidence/Contribution 1,Experimental,Europe,Phenotypic plasticity,Questioned,Lab,Terrestrial,Plants,1,Testing the phenotypic plasticity hypothesis in invasion biology,Growth rates of plants from different elevations under different temperature treatments,,Physiology: heat shock response;Life history: development and growth,2011,,Elevational distribution limits of non-native species: combining observational and experimental evidence/Contribution 1,Elevational distribution limits of non-native species: combining observational and experimental evidence
"Thermal variability alters climatic stress resistance and plastic responses in a globally invasive pest, the Mediterranean fruit fly (Ceratitis capitata)/Contribution 1",Experimental,Europe,Phenotypic plasticity,Supported,Lab,Terrestrial,Insects,1,Testing the phenotypic plasticity hypothesis in invasion biology,Thermal tolerance- Water balance- Egg production- Body size,Ceratitis capitata,Life history: fecundity;Morphology: body size;Physiology: heat shock response- acclimation,2010,,"Thermal variability alters climatic stress resistance and plastic responses in a globally invasive pest, the Mediterranean fruit fly (Ceratitis capitata)/Contribution 1","Thermal variability alters climatic stress resistance and plastic responses in a globally invasive pest, the Mediterranean fruit fly (Ceratitis capitata)"
Invasion strategies in clonal aquatic plants: are phenotypic differences caused by phenotypic plasticity or local adaptation? /Contribution 1,Experimental,Oceania,Phenotypic plasticity,Supported,Field/Lab/Enclosure,Freshwater,Plants,1,Testing the phenotypic plasticity hypothesis in invasion biology,Morphometric characters- dry weight and photosynthetic rates,Egeria densa- Elodea canadensis and Lagarosiphon major,Morphology: other,2010,,Invasion strategies in clonal aquatic plants: are phenotypic differences caused by phenotypic plasticity or local adaptation? /Contribution 1,Invasion strategies in clonal aquatic plants: are phenotypic differences caused by phenotypic plasticity or local adaptation? 
Trait means and reaction norms: the consequences of climate change/invasion interactions at the organism level /Contribution 1,Observational or correlational,South America,Phenotypic plasticity,Supported,Field/Lab,Terrestrial,Other invertebrates,1,Testing the phenotypic plasticity hypothesis in invasion biology,Egg development times and their sensitivity to temperature,Springtail species,Physiology: heat shock response ,2010,,Trait means and reaction norms: the consequences of climate change/invasion interactions at the organism level /Contribution 1,Trait means and reaction norms: the consequences of climate change
Phenotypic plasticity of thermal tolerance contributes to the invasion potential of Mediterranean fruit flies (Ceratitis capitata) /Contribution 1,Experimental,Africa,Phenotypic plasticity,Supported,Lab,Terrestrial,Insects,1,Testing the phenotypic plasticity hypothesis in invasion biology,High temperature survival: Thermal tolerance and rapid thermal responses,Ceratitis capitata,Physiology: heat shock response,2010,,Phenotypic plasticity of thermal tolerance contributes to the invasion potential of Mediterranean fruit flies (Ceratitis capitata) /Contribution 1,Phenotypic plasticity of thermal tolerance contributes to the invasion potential of Mediterranean fruit flies (Ceratitis capitata) 
Microhabitat analysis of the invasive exotic liana Lonicera japonica Thunb./Contribution 1,Observational or correlational,North America,Phenotypic plasticity,Supported,Field,Terrestrial,Plants,1,Testing the phenotypic plasticity hypothesis in invasion biology,Growth- microhabitat occurrence, Lonicera japonica,Life history: development and growth,2010,,Microhabitat analysis of the invasive exotic liana Lonicera japonica Thunb./Contribution 1,Microhabitat analysis of the invasive exotic liana Lonicera japonica Thunb.
Evolution of dispersal traits along an invasion route in the wind-dispersed Senecio inaequidens (Asteraceae) /Contribution 1,Experimental,Asia,Phenotypic plasticity,Undecided,Field/Lab/Enclosure,Terrestrial,Plants,1,Testing the phenotypic plasticity hypothesis in invasion biology,Phenotypic differentiation among populations: Number of nondeveloped (aborted) diaspores (NAD) and the total number of diaspores (ND),Senecio inaequidens,Life history: fecundity,2010,,Evolution of dispersal traits along an invasion route in the wind-dispersed Senecio inaequidens (Asteraceae) /Contribution 1,Evolution of dispersal traits along an invasion route in the wind-dispersed Senecio inaequidens (Asteraceae) 
Alien plant species favoured over congeneric natives under experimental climate warming in temperate Belgian climate /Contribution 1,Experimental,Europe,Phenotypic plasticity,Supported,Lab,Terrestrial,Plants,1,Testing the phenotypic plasticity hypothesis in invasion biology,Egg development times and their sensitivity to temperature,Lathyrus latifolius- Cerastium tomentosum and Artemisia verlotiorum,Physiology: heat shock response ,2010,,Alien plant species favoured over congeneric natives under experimental climate warming in temperate Belgian climate /Contribution 1,Alien plant species favoured over congeneric natives under experimental climate warming in temperate Belgian climate 
Developmental plasticity of shell morphology of quagga mussels from shallow and deep-water habitats of the Great Lakes /Contribution 1,Experimental,North America,Phenotypic plasticity,Supported,Lab,Freshwater,Molluscs,1,Testing the phenotypic plasticity hypothesis in invasion biology,Effects of temperature- food quantity and water motion on shell morphology- Growth rate- Mass,Dreissena polymorpha,Morphology: body size;Physiology: heat shock response,2010,,Developmental plasticity of shell morphology of quagga mussels from shallow and deep-water habitats of the Great Lakes /Contribution 1,Developmental plasticity of shell morphology of quagga mussels from shallow and deep-water habitats of the Great Lakes 
Phenotypic plasticity and performance of Taraxacum officinale (dandelion) in habitats of contrasting environmental heterogeneity /Contribution 1,Experimental,South America,Phenotypic plasticity,Undecided,Lab,Terrestrial,Plants,1,Testing the phenotypic plasticity hypothesis in invasion biology,Shell morphology,Taraxacum officinale ,Morphology: body size,2010,,Phenotypic plasticity and performance of Taraxacum officinale (dandelion) in habitats of contrasting environmental heterogeneity /Contribution 1,Phenotypic plasticity and performance of Taraxacum officinale (dandelion) in habitats of contrasting environmental heterogeneity 
Hybridization and Plasticity Contribute to Divergence Among Coastal and Wetland Populations of Invasive Hybrid Japanese Knotweed s.l. (Fallopia spp.) /Contribution 1,Experimental,North America,Phenotypic plasticity,Supported,Field/Lab/Enclosure,Terrestrial,Plants,1,Testing the phenotypic plasticity hypothesis in invasion biology,Growth- lamina size- specific leaf area (SLA)- and biomass allocation,Fallopia spp,Life history: development and growth;Physiology: organ size,2010,,Hybridization and Plasticity Contribute to Divergence Among Coastal and Wetland Populations of Invasive Hybrid Japanese Knotweed s.l. (Fallopia spp.) /Contribution 1,Hybridization and Plasticity Contribute to Divergence Among Coastal and Wetland Populations of Invasive Hybrid Japanese Knotweed s.l. (Fallopia spp.) 
Variation for phenotypic plasticity among populations of an invasive exotic grass /Contribution 1,Experimental,North America,Phenotypic plasticity,Supported,Lab,Terrestrial,Plants,1,Testing the phenotypic plasticity hypothesis in invasion biology,Growth and physiological responses;biomass production and specific leaf area,Microstegium vimineum,Life history: development and growth- fecundity;Physiology: organ size,2010,,Variation for phenotypic plasticity among populations of an invasive exotic grass /Contribution 1,Variation for phenotypic plasticity among populations of an invasive exotic grass 
Ecophysiology of the invader Pennisetum setaceum and three native grasses in the Canary Islands/Contribution 1,Observational or correlational,Africa,Phenotypic plasticity,Supported,Field/Lab,Terrestrial,Plants,1,Testing the phenotypic plasticity hypothesis in invasion biology,Size- Reproduction,Pennisetum setaceum,Morphology: body size;Life history: fecundity,2010,,Ecophysiology of the invader Pennisetum setaceum and three native grasses in the Canary Islands/Contribution 1,Ecophysiology of the invader Pennisetum setaceum and three native grasses in the Canary Islands
Phenotypic plasticity of Spartina alterniflora and Phragmites australis in response to nitrogen addition and intraspecific competition /Contribution 1,Experimental,Asia,Phenotypic plasticity,Supported,Lab,Terrestrial,Plants,1,Testing the phenotypic plasticity hypothesis in invasion biology,Effects of nitrogen level (low- medium or high)- intra-specific competition on the morphology- growth and biomass allocation,"Spartina alterni?ora- Phragmites
australis",Physiology: ressource-use efficiency;Morphology: other,2010,,Phenotypic plasticity of Spartina alterniflora and Phragmites australis in response to nitrogen addition and intraspecific competition /Contribution 1,Phenotypic plasticity of Spartina alterniflora and Phragmites australis in response to nitrogen addition and intraspecific competition 
Genetic Assimilation and the Postcolonization Erosion of Phenotypic Plasticity in Island Tiger Snakes/Contribution 1,Experimental,Oceania,Phenotypic plasticity,Supported,Lab,Terrestrial,Reptiles,1,Testing the phenotypic plasticity hypothesis in invasion biology,Body and head sizes- i.e.- ability to ingest large prey,Notechis scutatus,Morphology: constitutive prey defences,2009,,Genetic Assimilation and the Postcolonization Erosion of Phenotypic Plasticity in Island Tiger Snakes/Contribution 1,Genetic Assimilation and the Postcolonization Erosion of Phenotypic Plasticity in Island Tiger Snakes
Trade-off between morphological convergence and opportunistic diet behavior in fish hybrid zone /Contribution 1,Experimental,Europe,Phenotypic plasticity,Undecided,Field/Lab,Freshwater,Fishes,1,Testing the phenotypic plasticity hypothesis in invasion biology,Body and mouth shape and diet behavior,Chondrostoma nasus nasus,Morphology: body shape;Behaviour: other,2009,,Trade-off between morphological convergence and opportunistic diet behavior in fish hybrid zone /Contribution 1,Trade-off between morphological convergence and opportunistic diet behavior in fish hybrid zone 
"Phenotypic variability of natural populations of an invasive drosophilid, Zaprionus indianus, on different continents: Comparison of wild-living and laboratory-grown flies/Contribution 1",Experimental,Europe,Phenotypic plasticity,Undecided,Field/Lab,Terrestrial,Insects,1,Testing the phenotypic plasticity hypothesis in invasion biology,Wing length- thorax length- thorax width- wing-thorax ratio- thorax- length/thorax-width ratio-sternopleural bristle number ,Zaprtonus indianus,"
Morphology: body size;Physiology: organ size
",2009,,"Phenotypic variability of natural populations of an invasive drosophilid, Zaprionus indianus, on different continents: Comparison of wild-living and laboratory-grown flies/Contribution 1","Phenotypic variability of natural populations of an invasive drosophilid, Zaprionus indianus, on different continents: Comparison of wild-living and laboratory-grown flies"
The Structural Adaptation of Aerial Parts of Invasive Alternanthera philoxeroides to Water Regime /Contribution 1,Experimental,Asia,Phenotypic plasticity,Supported,Field/Enclosure, Terrestrial,Plants,1,Testing the phenotypic plasticity hypothesis in invasion biology,Changes of anatomical traits:structural adaptation-stem structure- leaf structure,Alternanthera philoxeroides,Morphology: growth form,2009,,The Structural Adaptation of Aerial Parts of Invasive Alternanthera philoxeroides to Water Regime /Contribution 1,The Structural Adaptation of Aerial Parts of Invasive Alternanthera philoxeroides to Water Regime 
The geography of crushing: Variation in claw performance of the invasive crab Carcinus maenas /Contribution 1,Observational or correlational,North America,Phenotypic plasticity,Supported,Lab,Marine,Crustaceans,1,Testing the phenotypic plasticity hypothesis in invasion biology,Claw crushing forces- claw strength- size and mass among sites and color morphs ,Carcinus maenas,Morphology: constitutive prey defences- body size,2009,,The geography of crushing: Variation in claw performance of the invasive crab Carcinus maenas /Contribution 1,The geography of crushing: Variation in claw performance of the invasive crab Carcinus maenas 
Life history plasticity magnifies the ecological effects of a social wasp invasion /Contribution 1,Observational or correlational,Europe,Phenotypic plasticity,Undecided,Field/Lab,Terrestrial,Insects,1,Testing the phenotypic plasticity hypothesis in invasion biology, Life history traits: colony size and longevity,Vespula pensylvanica,Life history: other- fecundity,2009,,Life history plasticity magnifies the ecological effects of a social wasp invasion /Contribution 1,Life history plasticity magnifies the ecological effects of a social wasp invasion 
Understanding the consequences of seed dispersal in a heterogeneous environment /Contribution 1,Experimental,North America,Phenotypic plasticity,Undecided,Field/Enclosure,Terrestrial,Plants,1,Testing the phenotypic plasticity hypothesis in invasion biology,Conspeci?c density- dispersal distance- grass biomass- forb biomass- soil availability- soil water content,Erodium cicutarium,Physiology: ressource-use efficiency;Life history: fecundity,2009,,Understanding the consequences of seed dispersal in a heterogeneous environment /Contribution 1,Understanding the consequences of seed dispersal in a heterogeneous environment 
"Growth, water relations, and stomatal development of Caragana korshinskii Kom. and Zygophyllum xanthoxylum (Bunge) Maxim. seedlings in response to water deficits/Contribution 1",Experimental,Asia,Phenotypic plasticity,Undecided,Lab,Terrestrial,Plants,1,Testing the phenotypic plasticity hypothesis in invasion biology,"The effects of water stress on growth- water relations- Na(+) and K(+) accumulation- and stomatal development (drought tolerant): total biomass- total leaf area- total number of leaves- above-ground biomass- specific leaf area- single leaf area-
leaf weight ratio- root weight ratio",Caragana korshinskii,Physiology: heat shock response- Life history: fecundity,2009,,"Growth, water relations, and stomatal development of Caragana korshinskii Kom. and Zygophyllum xanthoxylum (Bunge) Maxim. seedlings in response to water deficits/Contribution 1","Growth, water relations, and stomatal development of Caragana korshinskii Kom. and Zygophyllum xanthoxylum (Bunge) Maxim. seedlings in response to water deficits"
Inducible defences as key adaptations for the successful invasion of Daphnia lumholtzi in North America?/Contribution 1,Experimental,North America,Phenotypic plasticity,Supported,Lab,Freshwater,Crustaceans,1,Testing the phenotypic plasticity hypothesis in invasion biology,Defence against fish predation,Daphnia lumholtzi,Morphology: predator induced prey defences,2009,,Inducible defences as key adaptations for the successful invasion of Daphnia lumholtzi in North America?/Contribution 1,Inducible defences as key adaptations for the successful invasion of Daphnia lumholtzi in North America?
"Effects of simulated herbivory and resource availability on the invasive plant, Alternanthera philoxeroides in different habitats/Contribution 1",Experimental,Asia,Phenotypic plasticity,Undecided,Lab/Enclosure,Freshwater,Plants,1,Testing the phenotypic plasticity hypothesis in invasion biology,Effects of different levels of simulated leaf herbivory on the growth of alligator weed at two levels of fertilization and three levels of soil moisture (aquatic- semi-aquatic- and terrestrial habitats),Alternanthera philoxeroides,Life history: development and growth Physiology: ressource-use efficiency,2009,,"Effects of simulated herbivory and resource availability on the invasive plant, Alternanthera philoxeroides in different habitats/Contribution 1","Effects of simulated herbivory and resource availability on the invasive plant, Alternanthera philoxeroides in different habitats"
Evidence for a shift in life-history strategy during the secondary phase of a plant invasion/Contribution 1,Observational or correlational,North America,Phenotypic plasticity,Supported,Field,Terrestrial,Plants,1,Testing the phenotypic plasticity hypothesis in invasion biology,A shift in life-history: size- height- longevity,Lythrum salicaria L.,Life history: development and growth- life span ,2009,,Evidence for a shift in life-history strategy during the secondary phase of a plant invasion/Contribution 1,Evidence for a shift in life-history strategy during the secondary phase of a plant invasion
Belowground mutualists and the invasive ability of Acacia longifolia in coastal dunes of Portugal/Contribution 1,Experimental,Europe,Phenotypic plasticity,Supported,Field/Enclosure,Terrestrial,Plants,1,Testing the phenotypic plasticity hypothesis in invasion biology,"Number of root nodules and the fresh weight
of shoots and roots;plant biomass- root/shoot ratio",Acacia longifolia,Life history: fecundity,2009,,Belowground mutualists and the invasive ability of Acacia longifolia in coastal dunes of Portugal/Contribution 1,Belowground mutualists and the invasive ability of Acacia longifolia in coastal dunes of Portugal
"Allometric growth, disturbance regime, and dilemmas of controlling invasive plants: a model analysis/Contribution 1",Observational or correlational,Asia,Phenotypic plasticity,Undecided,Lab,Terrestrial,Plants,1,Testing the phenotypic plasticity hypothesis in invasion biology,(1) allometric growth of root (belowground) vs. shoot (aboveground) biomass and (2) exponential regrowth of shoot biomass after mowing,Alternanthera philoxeroides,Life history: development and growth,2009,,"Allometric growth, disturbance regime, and dilemmas of controlling invasive plants: a model analysis/Contribution 1","Allometric growth, disturbance regime, and dilemmas of controlling invasive plants: a model analysis"
Establishment of parallel altitudinal clines in traits of native and introduced forbs/Contribution 1,Observational or correlational,Europe,Phenotypic plasticity,Undecided,Field,Terrestrial,Plants,1,Testing the phenotypic plasticity hypothesis in invasion biology,Trends in growth and reproductive traits," Cirsium arvense- Cirsium
vulgare- Cichorium intybus- Lactuca serriola- Conyza canadensis- Erigeron annuus- Matricaria discoidea- Solidago canadensis",Life history: development and growth- fecundity,2009,,Establishment of parallel altitudinal clines in traits of native and introduced forbs/Contribution 1,Establishment of parallel altitudinal clines in traits of native and introduced forbs
Plasticity of Sapium sebiferum seedling growth to light and water resources: Inter- and intraspecific comparisons/Contribution 1,Experimental,North America,Phenotypic plasticity,Questioned,Lab,Terrestrial,Plants,1,Testing the phenotypic plasticity hypothesis in invasion biology,Growth,Sapium sebiferum,Life history: development and growth,2009,,Plasticity of Sapium sebiferum seedling growth to light and water resources: Inter- and intraspecific comparisons/Contribution 1,Plasticity of Sapium sebiferum seedling growth to light and water resources: Inter- and intraspecific comparisons
Phenotypic variability in Holcus lanatus L. in southern Chile: a strategy that enhances plant survival and pasture stability/Contribution 1,Experimental,South America,Phenotypic plasticity,Questioned,Lab/Enclosure,Terrestrial,Plants,1,Testing the phenotypic plasticity hypothesis in invasion biology, Length and width- tiller height- length of the in florescence- total number of leaves- and leaf- stem-  in florescence mass,Holcus lanatus,Life history: development and growth,2009,,Phenotypic variability in Holcus lanatus L. in southern Chile: a strategy that enhances plant survival and pasture stability/Contribution 1,Phenotypic variability in Holcus lanatus L. in southern Chile: a strategy that enhances plant survival and pasture stability
Differences in plasticity between invasive and native plants from a low resource environment/Contribution 1,Experimental,Oceania,Phenotypic plasticity,Supported,Lab/Enclosure,Terrestrial,Plants,1,Testing the phenotypic plasticity hypothesis in invasion biology,"Plant-level traits: Leaf weight ratio- Stem weight ratio- Root weight ratio- Leaf area ratio- Root to shoot ratio. Leaf-level traits: Photosynthetic rate at saturating light- Water use efficiency- Photosynthetic nitrogen use efficiency- Leaf nitrogen content on area basis- Leaf nitrogen content on mass basis- Leaf mass per area- Ratio of chlorophyll
a/b- Ratio of chlorophyll to nitrogen content- Maximum rate of carboxylation- Effective quantum yield of PSII- Ratio of variable to maximum fluorescence. Biomass","Psidium
cattleianu- Leucaena
leucocephala- Rubus
ellipticus- Holcus
lanatus- Paspalum
urvillei",Physiology: ressource-use efficiency- change in chemical composition,2008,,Differences in plasticity between invasive and native plants from a low resource environment/Contribution 1,Differences in plasticity between invasive and native plants from a low resource environment
Major morphological changes in a Lake Victoria cichlid fish within two decades/Contribution 1,Observational or correlational,Africa,Phenotypic plasticity,Supported,Field,Freshwater,Fishes,1,Testing the phenotypic plasticity hypothesis in invasion biology,"Morphological changes: Body depth- head length- eye length-
cheek depth- lower jaw length",Haplochromis (Yssichromis) pyrrhocephalus,Morphology: body size,2008,,Major morphological changes in a Lake Victoria cichlid fish within two decades/Contribution 1,Major morphological changes in a Lake Victoria cichlid fish within two decades
Increased fitness and plasticity of an invasive species in its introduced range: a study using Senecio pterophorus/Contribution 1,Experimental,Europe,Phenotypic plasticity,Supported,Lab/Enclosure,Terrestrial,Plants,1,Testing the phenotypic plasticity hypothesis in invasion biology,Survival and flowering- total seed head production- total biomas- leaf area- relative water content of leaves,Senecio pterophorus,Life history: fecundity;Physiology: organ size,2008,,Increased fitness and plasticity of an invasive species in its introduced range: a study using Senecio pterophorus/Contribution 1,Increased fitness and plasticity of an invasive species in its introduced range: a study using Senecio pterophorus
Predicting invasiveness in exotic species: do subtropical native and invasive exotic aquatic plants differ in their growth responses to macronutrients?/Contribution 1,Experimental,Oceania,Phenotypic plasticity,Supported,Lab/Enclosure,Freshwater,Plants,1,Testing the phenotypic plasticity hypothesis in invasion biology,Growth- Biomass,Aquatic plant species,Life history: development and growth- fecundity,2008,,Predicting invasiveness in exotic species: do subtropical native and invasive exotic aquatic plants differ in their growth responses to macronutrients?/Contribution 1,Predicting invasiveness in exotic species: do subtropical native and invasive exotic aquatic plants differ in their growth responses to macronutrients?
Spreading of the invasive Carpobrotus aff. acinaciformis in Mediterranean ecosystems: The advantage of performing in different light environments/Contribution 1,Observational or correlational,Europe,Phenotypic plasticity,Supported,Field/Lab,Terrestrial,Plants,1,Testing the phenotypic plasticity hypothesis in invasion biology,Growth rates of main and lateral shoots,Carpobrotus aff. acinaciformis,Life history: development and growth,2008,,Spreading of the invasive Carpobrotus aff. acinaciformis in Mediterranean ecosystems: The advantage of performing in different light environments/Contribution 1,Spreading of the invasive Carpobrotus aff. acinaciformis in Mediterranean ecosystems: The advantage of performing in different light environments
Photosynthesis and water-use efficiency: A comparison between invasive (exotic) and non-invasive (native) species/Contribution 1,Observational or correlational,Oceania,Phenotypic plasticity,Supported,Field/Lab,Terrestrial,Plants,1,Testing the phenotypic plasticity hypothesis in invasion biology,Germination- seedling survival- photosynthetic characteristics and water-use efficiency,Berberis darwinii,Physiology: ressource-use efficiency- acclimation,2008,,Photosynthesis and water-use efficiency: A comparison between invasive (exotic) and non-invasive (native) species/Contribution 1,Photosynthesis and water-use efficiency: A comparison between invasive (exotic) and non-invasive (native) species
"Phenotypic variation in invasive and biocontrol populations of the harlequin ladybird, Harmonia axyridis/Contribution 1",Experimental,Europe,Phenotypic plasticity,Undecided,Lab,Terrestrial,Insects,1,Testing the phenotypic plasticity hypothesis in invasion biology,Eggs hatching rate- larval survival rate- development time- sex ratio- fecundity,Harmonia axyridis,Life history: fecundity- sex ratio- development,2008,,"Phenotypic variation in invasive and biocontrol populations of the harlequin ladybird, Harmonia axyridis/Contribution 1","Phenotypic variation in invasive and biocontrol populations of the harlequin ladybird, Harmonia axyridis"
Phenotypic plasticity and contemporary evolution in introduced populations: Evidence from translocated populations of white sands pupfish (Cyrpinodon tularosa)/Contribution 1,Observational or correlational,South America,Phenotypic plasticity,Supported,Field,Freshwater/Brackishwater,Fishes,1,Testing the phenotypic plasticity hypothesis in invasion biology,Body shape ,Cyrpinodon tularosa,Morphology: body shape,2007,,Phenotypic plasticity and contemporary evolution in introduced populations: Evidence from translocated populations of white sands pupfish (Cyrpinodon tularosa)/Contribution 1,Phenotypic plasticity and contemporary evolution in introduced populations: Evidence from translocated populations of white sands pupfish (Cyrpinodon tularosa)
When Oskar meets Alice: Does a lack of trade-off in r/K-strategies make Prunus serotina a successful invader of European forests?/Contribution 1,Experimental,Europe,Phenotypic plasticity,Supported,Lab,Terrestrial,Plants,1,Testing the phenotypic plasticity hypothesis in invasion biology,Height growth- Leaf traits- Radial growth- sexual reproduction,Crepis und Centaurea (Asteraceae),Life history: sex ratio- development and growth,2007,,When Oskar meets Alice: Does a lack of trade-off in r/K-strategies make Prunus serotina a successful invader of European forests?/Contribution 1,When Oskar meets Alice: Does a lack of trade-off in r
Contrasting plant physiological adaptation to climate in the native and introduced range of Hypericum perforatum/Contribution 1,Experimental,Europe,Phenotypic plasticity,Questioned,Lab,Terrestrial,Plants,1,Testing the phenotypic plasticity hypothesis in invasion biology, Leaf-level morphological and physiological traits ,Hypericum perforatum,Physiology: acclimation;Morphology: other,2007,,Contrasting plant physiological adaptation to climate in the native and introduced range of Hypericum perforatum/Contribution 1,Contrasting plant physiological adaptation to climate in the native and introduced range of Hypericum perforatum
Phenotypic plasticity of native vs. invasive purple loosestrife: A two-state multivariate approach/Contribution 1,Experimental,North America,Phenotypic plasticity,Supported,Lab,Terrestrial,Plants,1,Testing the phenotypic plasticity hypothesis in invasion biology,Height- Branches- Stems- Flowers- Biomass,Lythrum salicaria,Life history: development and growth- fecundity,2007,,Phenotypic plasticity of native vs. invasive purple loosestrife: A two-state multivariate approach/Contribution 1,Phenotypic plasticity of native vs. invasive purple loosestrife: A two-state multivariate approach
"Phenotypic plasticity, precipitation, and invasiveness in the fire-promoting grass Pennisetum setaceum (poaceae)/Contribution 1",Experimental,North America,Phenotypic plasticity,Undecided,Lab/Enclosure,Terrestrial,Plants,1,Testing the phenotypic plasticity hypothesis in invasion biology,Biomass,Pennisetum setaceum,Life history: fecundity,2007,,"Phenotypic plasticity, precipitation, and invasiveness in the fire-promoting grass Pennisetum setaceum (poaceae)/Contribution 1","Phenotypic plasticity, precipitation, and invasiveness in the fire-promoting grass Pennisetum setaceum (poaceae)"
Phenotypic plasticity rather than locally adapted ecotypes allows the invasive alligator weed to colonize a wide range of habitats/Contribution 1,Experimental,Asia,Phenotypic plasticity,Supported,Lab/Enclosure,Freshwater,Plants,1,Testing the phenotypic plasticity hypothesis in invasion biology,Biomass,Alternanthera philoxeroides,Life history: fecundity,2007,,Phenotypic plasticity rather than locally adapted ecotypes allows the invasive alligator weed to colonize a wide range of habitats/Contribution 1,Phenotypic plasticity rather than locally adapted ecotypes allows the invasive alligator weed to colonize a wide range of habitats
Rapid evolution in response to introduced predators I: rates and patterns of morphological and life-history trait divergence/Contribution 1,Experimental,North America,Phenotypic plasticity,Supported,Field/Lab,Freshwater,Fishes,1,Testing the phenotypic plasticity hypothesis in invasion biology,Morphological and life-history traits: body size- timing of reproduktion,Salmonids,Morphology: constitutive prey defences- body size;Life history: age of first reproduction,2007,,Rapid evolution in response to introduced predators I: rates and patterns of morphological and life-history trait divergence/Contribution 1,Rapid evolution in response to introduced predators I: rates and patterns of morphological and life-history trait divergence
Acclimation effects on thermal tolerances of springtails from sub-Antarctic Marion Island: Indigenous and invasive species/Contribution 1,Experimental,Antarctica,Phenotypic plasticity,Supported,Lab,Terrestrial,Insects,1,Testing the phenotypic plasticity hypothesis in invasion biology,Acclimation,Pogonognathellus flavescens- Isotomurus cf. Palustris- Ceratophysella denticulata,Physiology: acclimation,2007,,Acclimation effects on thermal tolerances of springtails from sub-Antarctic Marion Island: Indigenous and invasive species/Contribution 1,Acclimation effects on thermal tolerances of springtails from sub-Antarctic Marion Island: Indigenous and invasive species
Acclimation effects on thermal tolerances of springtails from sub-Antarctic Marion Island: Indigenous and invasive species/Contribution 2,Experimental,North America,Phenotypic plasticity,Supported,Lab/Enclosure,Terrestrial,Plants,1,Testing the phenotypic plasticity hypothesis in invasion biology,Acclimation,Carpobrotus edulis,Physiology: acclimation,1999,,Acclimation effects on thermal tolerances of springtails from sub-Antarctic Marion Island: Indigenous and invasive species/Contribution 2,Acclimation effects on thermal tolerances of springtails from sub-Antarctic Marion Island: Indigenous and invasive species
Adaptation vs. phenotypic plasticity in the success of a clonal invader/Contribution 1,Experimental,North America,Phenotypic plasticity,Questioned,Lab,Freshwater,Molluscs,1,Testing the phenotypic plasticity hypothesis in invasion biology,Growth,Potamopyrgus antipodarum,Life history: development and growth,2005,,Adaptation vs. phenotypic plasticity in the success of a clonal invader/Contribution 1,Adaptation vs. phenotypic plasticity in the success of a clonal invader
Phenotypic plasticity of an invasive acacia versus two native Mediterranean species/Contribution 1,Experimental,Europe,Phenotypic plasticity,Questioned,Lab,Terrestrial,Plants,1,Testing the phenotypic plasticity hypothesis in invasion biology,20 physiological and morphological traits,Acacia longifolia,Morphology: plant/prey defences- other;Physiology: ressource-use efficiency- acclimation,2005,,Phenotypic plasticity of an invasive acacia versus two native Mediterranean species/Contribution 1,Phenotypic plasticity of an invasive acacia versus two native Mediterranean species
Crab-mediated phenotypic changes in Spartina densiflora Brong/Contribution 1,Experimental,South America,Phenotypic plasticity,Supported,Field/Enclosure,Marine,Plants,1,Testing the phenotypic plasticity hypothesis in invasion biology,Seed production  and seed viability; phenotypic plasticity of sexual reproductive structures, Spartina densiflora,Life history: fecundity- sex ratio,2004,,Crab-mediated phenotypic changes in Spartina densiflora Brong/Contribution 1,Crab-mediated phenotypic changes in Spartina densiflora Brong
Predator-induced phenotypic plasticity in the exotic cladoceran Daphnia lumholtzi/Contribution 1,Experimental,North America,Phenotypic plasticity,Supported,Lab,Freshwater,Crustaceans,1,Testing the phenotypic plasticity hypothesis in invasion biology,Age at ?rst reproduction- intrinsic rate of increase- net reproductive rate- mean clutch size;Spine and body length ,Daphnia lumholtzi,Morphology: predator induced prey defences;constitutive prey defences- Life history: age of first reproduction,2003,,Predator-induced phenotypic plasticity in the exotic cladoceran Daphnia lumholtzi/Contribution 1,Predator-induced phenotypic plasticity in the exotic cladoceran Daphnia lumholtzi
Leaf-level phenotypic variability and plasticity of invasive Rhododendron ponticum and non-invasive Ilex aquifolium co-occurring at two contrasting European sites/Contribution 1,Observational or correlational,Europe,Phenotypic plasticity,Supported,Field/Lab,Terrestrial,Plants,1,Testing the phenotypic plasticity hypothesis in invasion biology,"Leaf dry mass per unit area- Leaf thickness-
Leaf density- Leaf dry to fresh mass ratio- Leaf projected to silhouette area ratio-
Leaf perimeter to projected area ratio- Petiole to total leaf dry mass ratio- Leaf nitrogen content-
Leaf chlorophyll content- Leaf chlorophyll content ",Rhododendron ponticum,Physiology: change in chemical composition;Life history: fecundity,2003,,Leaf-level phenotypic variability and plasticity of invasive Rhododendron ponticum and non-invasive Ilex aquifolium co-occurring at two contrasting European sites/Contribution 1,Leaf-level phenotypic variability and plasticity of invasive Rhododendron ponticum and non-invasive Ilex aquifolium co-occurring at two contrasting European sites
Leaf ontogenetic dependence of light acclimation in invasive and native subtropical trees of different successional status/Contribution 1,Observational or correlational,Asia,Phenotypic plasticity,Supported,Field,Terrestrial,Plants,1,Testing the phenotypic plasticity hypothesis in invasion biology,Acclimation- growth,Bischofia javanica,Physiology: acclimation;Life history: development and growth,2002,,Leaf ontogenetic dependence of light acclimation in invasive and native subtropical trees of different successional status/Contribution 1,Leaf ontogenetic dependence of light acclimation in invasive and native subtropical trees of different successional status
Can life-history traits predict the fate of introduced species? A case study on two cyprinid fish in southern France/Contribution 1,Observational or correlational,Europe,Phenotypic plasticity,Questioned,Field,Freshwater,Fishes,1,Testing the phenotypic plasticity hypothesis in invasion biology,Body size- Fecundity,Gobio gobi- Pseudorasbora parva,Morphology: body size;Life history: fecundity,2001,,Can life-history traits predict the fate of introduced species? A case study on two cyprinid fish in southern France/Contribution 1,Can life-history traits predict the fate of introduced species? A case study on two cyprinid fish in southern France
Induced defenses in response to an invading crab predator: An explanation of historical and geographic phenotypic change/Contribution 1,Experimental,North America,Phenotypic plasticity,Supported,Lab,Marine,Molluscs,1,Testing the phenotypic plasticity hypothesis in invasion biology,Shell length- shell thickness- shell mass- body mass,Marine snails,Morphology: predator- induced prey defences- body size,2000,,Induced defenses in response to an invading crab predator: An explanation of historical and geographic phenotypic change/Contribution 1,Induced defenses in response to an invading crab predator: An explanation of historical and geographic phenotypic change
Phenotypic plasticity and genetic diversity in Poa annua L-[Poaceae] at Crozet and Kerguelen Islands (subantarctic)/Contribution 1,Experimental,Europe,Phenotypic plasticity,Supported,Lab/Enclosure,Terrestrial,Plants,1,Testing the phenotypic plasticity hypothesis in invasion biology,Five parameters of growth: length of the upper flag leaf- width of the upper flag leaf- ligule length- panicle length- node number,Poa annua,Life history: development and growth,1999,,Phenotypic plasticity and genetic diversity in Poa annua L-[Poaceae] at Crozet and Kerguelen Islands (subantarctic)/Contribution 1,Phenotypic plasticity and genetic diversity in Poa annua L-[Poaceae] at Crozet and Kerguelen Islands (subantarctic)
Greater morphological plasticity of exotic honeysuckle species may make them better invaders than native species/Contribution 1,Experimental,North America,Phenotypic plasticity,Supported,Lab/Enclosure,Terrestrial,Plants,1,Testing the phenotypic plasticity hypothesis in invasion biology,Internode lengths- internode number- shoot biomass,Lonicera japonic,Physiology: organ size;Life history: fecundity,1999,,Greater morphological plasticity of exotic honeysuckle species may make them better invaders than native species/Contribution 1,Greater morphological plasticity of exotic honeysuckle species may make them better invaders than native species
