Acronym,Hypothesis,Definition,Key_ref,Key_ref_DOI,Old_acronym,Hypothesis_label,Wikidata,Equivalence_with_hyp,Analogous_with_hyp,Origin,Studied by,Lokatis_name,Lokatis_subhyp_of,Lokatis_acronyms,Lokatis_definition,Lokatis_key_ref,Lokatis_comments,Daly_acronyms,Daly_subhyp_of,Daly_hypothesis,Daly_definition,Daly_example_1,Daly_example_2,Enders_acronym,Enders_hypothesis,Enders_definition,Enders_key_ref,Lokatis_taxonomic_focus_ref,Lokatis_hyp_type,Lokatis_key_ref_overarching,Comments,Comments_equivalent_hypotheses
AA,Acoustic adaptation*,Animals that communicate acoustically adapt their vocalisations to the local conditions to optimise signal transmission.,Morton 1975,,AA,Acoustic adaptation hypothesis,,no equivalence,,SL,urban ecology,Acoustic adaptation*,,AA,Animals that communicate acoustically adapt their vocalisations to the local conditions to optimise signal transmission.,Morton 1975,"Birds in cities: Slabbekoorn & Peet (2003). Insects from noisy habitats produce different acoustic signals than conspecifics from quiet habitats, possibly using a more permanent mechanism for signal adjustment than behavioural plasticity (Lampe et al. 2014). ",,,,,,,,,,,Birds,Related field,n.a.,n.a.,
ADP,Adaptation,The invasion success of non-native species depends on the adaptation to the conditions in the exotic range before and/or after the introduction. Non-native species that are related to native species are more successful in this adaptation,Duncan and Williams 2002,,ADP,Adaptation hypothesis,,no equivalence,,ME + ED,invasion biology,,,,,,,REL,,Relatedness,"Invasion success is influenced by the relatedness of non-native species to native species in the novel range. Relatedness may promote (Duncan and Williams 2002) or inhibit invasion (Darwin 1859, Daehler 2003)","Moose Alces alces populations that have been free from non-human predation for several decades quickly regain antipredator behaviour when its natural predators are reintroduced. Contrast this with Galapagos Island fauna, which when exposed to evolutionarily novel predators cannot adapt antipredator defenses (Carthey and Banks 2014).",Functional trait overlap in forbs confers community resistance to invasion (Price and Pärtel 2012).,ADP,Adaptation,The invasion success of non-native species depends on the adaptation to the conditions in the exotic range before and/or after the introduction. Non-nativespecies that are related to native species are more successful in this adaptation,Duncan and Williams (2002),Multiple,,,,
AIAI,Anthropogenically induced adaptation to invade, Anthropogenically induced adaptation to invade can facilitate invasion and invasiveness of an organism or population.,Hufbauer et al. 2012,,AIAI ,Anthropogenically induced adaptation to invade hypothesis,,no equivalence,,ED,invasion biology,,,,,,,AIAI ,,Anthropogenically induced adaptation to invade, Anthropogenically induced adaptation to invade can facilitate invasion and invasiveness of an organism or population (Hufbauer et al. 2012).,"The ability of the Asian house gecko Hemidactylus frenatus to grip smooth surfaces is thought to have arisen due to urban evolution, as this trait allows the geckos to easily climb human-made materials (Petren and Case 1998). This species has become invasive in many areas, potentially aided by its superior ability to survive in urban areas (Borden and Flory 2021).","Fungal graminiod pathogen, Mycosphaerella graminicola, is thought to have adapted to wheat during its domestication (Stukenbrock et al. 2007). It is now the only of its congeners to be invasive (Hufbauer et al. 2012).",,,,,Multiple,,,,
ALLEE,allee effect,"The Allee effect, a positive association between fitness and population size, can cause a lag between introduction of non-native species and establishment in abundant populations.",Allee 1938; Petrovskii et al. 2005,,ALLEE,Allee effect,,no equivalence,,ED,invasion biology,,,,,,,ALLEE,,allee effect,"The Allee effect, a positive association between fitness and population size, can cause a lag between introduction of non-native species and establishment in abundant populations (Allee 1938, Petrovskii et al. 2005).",,,,,,,Multiple,,,,
ANHO,Adaptation to homogenized anthropogenic environments, Adaptation to homogenized anthropogenic environments can serve as a form of preadaptation of the organism to homogenous human-altered habitats globally (Hufbauer et al. 2012).,Hufbauer et al. 2012,,ANHO ,Adaptation to homogenized anthropogenic environments hypothesis,,no equivalence,,ED,invasion biology,,,,,,,ANHO ,AIAI ,Adaptation to homogenized anthropogenic environments, Adaptation to homogenized anthropogenic environments can serve as a form of preadaptation of the organism to homogenous human-altered habitats globally (Hufbauer et al. 2012).,,,,,,,Multiple,,,,
ANOP,opportunity for anthropogenic transport, Species associated with humans are more likely to become invasive because of their increased opportunity for anthropogenic transport (Hufbauer et al. 2012). See also HCOM.,Hufbauer et al. 2012,,ANOP ,Opportunity for anthropogenic transport hypothesis,,no equivalence,,ED,invasion biology,,,,,,,ANOP ,ANTR ,opportunity for anthropogenic transport, Species associated with humans are more likely to become invasive because of their increased opportunity for anthropogenic transport (Hufbauer et al. 2012). See also HCOM.,,,,,,,Multiple,,,,
ANTR,anthropogenic transportation,"The increasing global abundance of invasive species is related to anthropogenic transportation through inter- and intra-continental exchanges (Perrings et al. 2005, Seebens et al. 2017).",Perrings et al. 2005; Seebens et al. 2017,,ANTR,Anthropogenic transportation hypothesis,,no equivalence,,ED,invasion biology,,,,,,,ANTR,,anthropogenic transportation,"The increasing global abundance of invasive species is related to anthropogenic transportation through inter- and intra-continental exchanges (Perrings et al. 2005, Seebens et al. 2017).","Population characteristics of invasive earthworms and Plants are predicted by proximity to roads and their characteristics (Cameron and Bayne 2009, Paudel et al. 2016).",Genetic evidence indicates that the abundance of invasive Plants in the sub-Antarctic is a result of repeated introductions by human activities (Mairal et al. 2021).,,,,,Multiple,,,,
BA,Biotic acceptance aka ‘the rich get richer’,Ecosystems tend to accommodate the establishment and coexistence of non-native species despite the presence and abundance of native species,"Adler & Tanner 2013, pp. 202",,BA,Biotic acceptance hypothesis,,no equivalence,,ME + ED,invasion biology,,,,,,,BIOA,,Biotic acceptance,Biotic acceptance is a diversity-invasibility relationship where that the richness of native and non-native species is positively related (Stohlgren et al. 2006).,"The richness of non-native and native Plants is often correlated, likely because favourable environments for native species are similarly favourable for non-native species (Souza et al. 2011, Bjarnason et al. 2017).",,BA,Biotic acceptance aka ‘the rich get richer’,Ecosystems tend to accommodate the establishment and coexistence of non-native species despite the presence and abundance of native species,"Stohlgren, Jarnevitch, and Chong (2006)",Plants,,,,
BC,Biodiverse cities*,Cities can sustain and promote biodiversity. ,Walters 1970; Kühn et al. 2004,,BC,Biodiverse cities hypothesis,,no equivalence,,SL,urban ecology,Biodiverse cities*,,BC,Cities can sustain and promote biodiversity. ,Walters 1970; Kühn et al. 2004,"""Walters (1970) was the first to point out that cities harbour more spontaneous (not cultivated) plant species than the surrounding landscape."" Kühn et al. 2004, p.749",,,,,,,,,,,Plants,Urban,n.a.,n.a.,
BEHAV,behaviourally constrained,"Invasion may be inhibited when non-native species are behaviourally constrained and require adaptations before recognizing and readily consuming, evading, or outcompeting an introduced population (Lankau et al. 2004).",Lankau et al. 2004,,BEHAV,Behaviourally constrained hypothesis,,no equivalence,,ED,invasion biology,,,,,,,BEHAV,,behaviourally constrained,"Invasion may be inhibited when non-native species are behaviourally constrained and require adaptations before recognizing and readily consuming, evading, or outcompeting an introduced population (Lankau et al. 2004).","Both non-native shore crabs Hemigrapsus sanguineus and white campion (Silene latifolia) are more susceptible to parasitism than native counterparts in exotic USA range (Keogh et al. 2017, Wolfe et al. 2004).","Invasive Plants, such as Sapium sebiferum in USA, benefit from lower herbivory rates due to behavioural avoidance despite it being a suitable host plant (Lankau et al. 2004).",,,,,Plants,,,,
BF,Behavioral flexibility,Urban dwellers are characterized by a higher behavioral flexibility than urban avoiders.,Santini et al. 2019,,BF,Behavioral flexibility hypothesis,,no equivalence,,SL,urban ecology,Behavioral flexibility,Ideal urban dweller,BF,Urban dwellers are characterized by a higher behavioral flexibility than urban avoiders.,Santini et al. 2019,,,,,,,,,,,,,,,,"TH: not equivalent in my point of view.
MBV: I agree that they are not equivalent."
BID,Biotic indirect effects,Non-native species benefit from different indirect effects triggered by native species,"Callaway, Thelen, Rodriguez, and Holben 2004",,BID,Biotic indirect effects hypothesis,,no equivalence,,ME + ED,invasion biology,,,,,,,BIE,NINT,biotic indirect effects,Invasion success of non-native organisms is mediated by biotic indirect effects from native populations.,,,BID,Biotic indirect effects,Non-native species benefit from different indirect effects triggered by native species,"Callaway, Thelen, Rodriguez, and Holben (2004)",,,,,
BIOME,Biomes,Biomes differ in their inherent invasibility because of biotic and abiotic differences (Hui and Richardson 2017).,Hui and Richardson 2017,,BIOME,Biomes hypothesis,,no equivalence,,ED,invasion biology,,,,,,,BIOME,EINV,Biomes,Biomes differ in their inherent invasibility because of biotic and abiotic differences (Hui and Richardson 2017).,,,,,,,Multiple,,,,
BR,Biotic resistance aka diversity-invasibility hypothesis,An ecosystem with high biodiversity is more resistant against non-native species than an ecosystem with lower biodiversity,Elton 1958; Levine and D'Antonio 1999,,BR,Biotic resistance hypothesis,https://www.wikidata.org/entity/Q108374968,no equivalence,,ME + ED,invasion biology,,,,,,,BIOR,NICHE,biotic resistance,"A diversity-invasibility relationship known as biotic resistance exists such that highly biodiverse ecosystems are more resistant to biological invasion because more niches are already filled, thus providing more competition with non-native species (Elton 1958, Levine and D'Antonio 1999).",,,BR,Biotic resistance aka diversity-invasibility hypothesis,An ecosystem with high biodiversity is more resistant against non-native species than an ecosystem with lower biodiversity,Elton (1958); Levine and D'Antonio (1999),Multiple,,,,
BW,Biodiversity-wealth*,The socioeconomic status of urban residents is positively related to the biodiversity in their neighbourhoods.,Kinzig et al. 2005,,BW,Biodiversity-wealth hypothesis,,no equivalence,,SL,urban ecology,Biodiversity-wealth*,,BW,The socioeconomic status of urban residents is positively related to the biodiversity in their neighbourhoods.,Kinzig et al. 2005,"""neighborhood socioeconomic and cultural status appears to be playing an important role in structuring urban biodiversity patterns, independent of the effects of population density, distance from urban center, or time since disturbance"" Kinzig et al. 2005, p.5/13",,,,,,,,,,,"Birds, Plants",Urban,n.a.,n.a.,
CC,Credit card,"Low variability in resource abundance and reduced predation allow higher population densities in urban areas through the persistence of many weak competitors who remain in poor body condition, who are less reproductively successful, and who would not otherwise survive.",Shochat 2004,,CC,Credit card hypothesis,,no equivalence,,SL,urban ecology,Credit card,,CC,"Low variability in resource abundance and reduced predation allow higher population densities in urban areas through the persistence of many weak competitors who remain in poor body condition, who are less reproductively successful, and who would not otherwise survive.",Shochat 2004,"""Only the winners have sufficient access to food resources and the opportunity to reproduce. The highly predictable continuous input of food in the urban environment allows them to “live on their credit”. They may trade off between offspring body condition and clutch size. In the lack of predation, the losers among the fledglings may survive for a relatively long period, getting just enough energy to survive. Though they may never become healthy enough to reproduce, they will have a major contribution to the observed population density. Results of several case studies seem to support the credit card hypothesis and suggest that it can serve as a general rule for the evolution of animal populations and communities in highly predictable human managed environments."" Shochat 2004",,,,,,,,,,,Birds,Urban,n.a.,,
CCP,C-competitor Plants* ,C-competitor Plants are being selected in urban landscapes.,Lososova et al. 2006,,CCP,C-competitor plants  hypothesis,,no equivalence,,SL,urban ecology,C-competitor Plants* ,Ideal urban dweller,CCP,C-competitor Plants are being selected in urban landscapes.,Lososova et al. 2006,,,,,,,,,,,,Plants,,,,
CEP,Cities as entry points,Cities are entry points for introduced non-native species.,Pyšek et al. 2010; Potgieter & Cadotte 2020,,CEP,Cities as entry points hypothesis,,no equivalence,,SL,urban ecology,Cities as entry points,,CEP,Cities are entry points for introduced non-native species.,Pyšek et al. 2010; Potgieter & Cadotte 2020,Urban areas are often the first entry point for newly introduced alien species,,,,,,,,,,,Plants,Urban,n.a.,n.a.,
CLIM,Climate change,Climate change facilitates invasion of non-native species adapted to the new environmental conditions and exacerbate their impacts. ,Dukes and Mooney 1999; Hulme 2017,,CLIM,Climate change hypothesis,,no equivalence,,ED,invasion biology,,,,,,,CLIM,,Climate change,"Climate change facilitates invasion of non-native species adapted to the new environmental conditions and exacerbate their impacts. (Dukes and Mooney 1999, Hulme 2017).","Range expansion of invasive moth Lymantria dispar's and invasive tree mallow Malva arborea range expansion in their novel ranges is linked to local warming (Tobin et al. 2014, van der Wal et al. 2008).",,,,,,Multiple,,,,
CP,Colonization pressure,"Colonization pressure is defined as the number of species introduced to a given location. As colonization pressure increases, the number of established or invasive non-native species in that location is predicted to increase","Lockwood, Cassey, and Blackburn 2009",,CP,Colonization pressure hypothesis,,analogous (similar mechanism),PHC,ME + ED,invasion biology,,,,,,,COLP,,Colonization pressure,"Colonization pressure, the number of species introduced into an area, is positively related to the number of established non-native species (Lockwood et al. 2009).",,,CP,Colonization pressure,"Colonization pressure is defined as the number of species introduced to a given location. As colonization pressure increases, the number of established or invasive non-native species in that location is predicted to increase","Lockwood, Cassey, and Blackburn (2009)",Multiple,,,,
DEM,Dynamic equilibrium model,"The establishment of a non-native species depends on natural fluctuations of the ecosystem, which influence the level of competition from local species",Huston 1979,,DEM,Dynamic equilibrium model hypothesis,,no equivalence,,ME + ED,invasion biology,,,,,,,DYE,OW,dynamic equilibrium,Non-native species establishment can depend on fluctuations in the dynamic equilibrium of recipient ecosystems that influence the competition of local species (Huston 1979).,,,DEM,Dynamic equilibrium model,"The establishment of a non-native species depends on natural fluctuations of the ecosystem, which influence the level of competition from local species",Huston (1979),Multiple,,,,
DIST,Disturbance,The invasion success of non-native species is higher in highly disturbed than in relatively undisturbed ecosystems,Elton 1958; Hobbs and Huenneke 1992,,DS,Disturbance hypothesis,,no equivalence,,ME + ED,invasion biology,,,,,,,DIST,EINV,disturbed ecosystems,"Invasion success is increased in disturbed ecosystems relative to undisturbed ecosystems (Elton 1958, Hobbs and Huenneke 1992). See also hypothesis of ‘increased resource availability' from Sher and Hyatt (1999).",,,DS,Disturbance,The invasion success of non-native species is higher in highly disturbed than in relatively undisturbed ecosystems,Elton (1958); Hobbs and Huenneke (1992),Multiple,,,,
DN,Darwin’s naturalization,The invasion success of non-native species is higher in areas that are poor in closely related species than in areas that are rich in closely related species,Daehler 2001; Darwin 1859,,DN,Darwin’s naturalization hypothesis,https://www.wikidata.org/entity/Q116193385,no equivalence,,ME + ED,invasion biology,,,,,,,REL,,Relatedness,"Invasion success is influenced by the relatedness of non-native species to native species in the novel range. Relatedness may promote (Duncan and Williams 2002) or inhibit invasion (Darwin 1859, Daehler 2003)","Moose Alces alces populations that have been free from non-human predation for several decades quickly regain antipredator behaviour when its natural predators are reintroduced. Contrast this with Galapagos Island fauna, which when exposed to evolutionarily novel predators cannot adapt antipredator defenses (Carthey and Banks 2014).",Functional trait overlap in forbs confers community resistance to invasion (Price and Pärtel 2012).,DN,Darwin’s naturalization,The invasion success of non-native species is higher in areas that are poor in closely related species than in areas that are rich in closely related species,Daehler (2001); Darwin (1859),Plants,Urbanized,Crooks & Soulé 1999; Donnelly & Marzluff 2004 (cited aftger Catterall et al. 2010),Decay paradigm of community change,
DP,Decay paradigm,Species richness declines within patches of remnant native habitat isolated within an urban matrix; habitat-dependent (such as ‘forest interior’) species are expected to suffer a progressive series of local extinctions over time.,Catterall et al. 2010,,DP,Decay paradigm hypothesis,,no equivalence,,SL,urban ecology,Decay paradigm,,DP,Species richness declines within patches of remnant native habitat isolated within an urban matrix; habitat-dependent (such as ‘forest interior’) species are expected to suffer a progressive series of local extinctions over time.,Catterall et al. 2010,,,,,,,,,,,,Birds,,,,
DS,Matrix species,Urban habitat remnants are more sensitive to the penetration of matrix species than less disturbed suburban or rural remnants.,Tóthmérész et al. 2011,,DS,Matrix species hypothesis,,no equivalence,,SL,urban ecology,Matrix species,,MS,Urban habitat remnants are more sensitive to the penetration of matrix species than less disturbed suburban or rural remnants.,Tóthmérész et al. 2011,"""Urbanization changes considerable the structure of forested habitats, and it makes them vulnerable to the invasion of the matrix species. Species penetrating from the surrounding matrix (here the open-habitat species) may benefit from the habitat alteration. We are mentioning this new hypothesis as matrix species hypothesis."" (Tóthmérész et al. 2011)",,,,,,,,,,,Insects,Urban,n.a.,,
EA,Epigenetic adaptation*,Epigenetic mechanisms can explain why some organisms are more successful in urban than non-urban areas.,Isaksson 2015,,EA,Epigenetic adaptation hypothesis,,no equivalence,,SL,urban ecology,Epigenetic adaptation*,,EA,Epigenetic mechanisms can explain why some organisms are more successful in urban than non-urban areas.,Isaksson 2015,"""genetic and epigenetic mechanisms can affect oxidative stress and inflammatory responses in urban environments, thereby affecting overall fitness"" Isaksson 2015",,,,,,,,,,,Birds,Urbanized,Johnson & Tricker 2010,,
EAU,Exotic richness increases with age of urbanization,﻿The diversity of exotic species will increase with the age of an urbanized area.,McIntyre 2000,,EAU,Exotic richness increases with age of urbanization hypothesis,,no equivalence,,SL,urban ecology,Exotic richness increases with age of urbanization,Non-native species hypothesis* aka Invader species hypothesis,EAU,﻿The diversity of exotic species will increase with the age of an urbanized area.,McIntyre 2000,,,,,,,,,,,,Arthropods,,,,
EE,Enemy of my enemy,Introduced enemies of a non-native species are less harmful to the non-native than to the native species,Colautti et al. 2004,,EE,Enemy of my enemy hypothesis,,no equivalence,,ME,invasion biology,,,,,,,,,,,,,EE,Enemy of my enemy,Introduced enemies of a non-native species are less harmful to the non-native than to the native species,Colautti et al. (2004),Multiple,,,,
EF,Environmental filter,Urban habitats filter communities as a function of their traits.,Aronson et al. 2016,,EF,Environmental filter hypothesis,,no equivalence,,SL,urban ecology,Environmental filter,,EF,Urban habitats filter communities as a function of their traits.,Aronson et al. 2016,,,,,,,,,,,,Multiple,Urbanized,Rapport et al. 1985; Leibold et al. 2004; Petchey et al. 2007,"Rapport et al. 1985 do not use the term 'filter', but present some of the basic ideas. Both Petchey 2007 and Rapport et al. 1985 are not focussing on urban environments.",
EI,Enemy inversion,"Introduced enemies of non-native species are less harmful for them in the exotic than the native range, due to altered biotic and abiotic conditions","Colautti, Ricciardi, Grigorovich, and MacIsaac 2004",,EI,Enemy inversion hypothesis,,no equivalence,,ME + ED,invasion biology,,,,,,,ENI,NINT,enemy inversion,"Due to differing conditions in the novel range, enemy inversion may occur whereby introduced enemies are less harmful for non-native species (Colautti et al. 2004).",,,EI,Enemy inversion,"Introduced enemies of non-native species are less harmful for them in the exotic than the native range, due to altered biotic and abiotic conditions","Colautti, Ricciardi, Grigorovich, and MacIsaac (2004)",Multiple,,,,
EICA,Evolution of increased competitive ability,"After having been released from natural enemies, non-native species will allocate more energy in growth and/or reproduction (this re-allocation is due to genetic changes), which makes them more competitive",Blossey and Nötzold 1995,,EICA,Evolution of increased competitive ability hypothesis,https://www.wikidata.org/entity/Q5323123,no equivalence,,ME + ED,invasion biology,,,,,,,EICA,ERH,increased competitive ability,"Introduced species can undergo evolution of increased competitive ability by reinvesting resources used for defense and in growth, biomass, reproduction, and competitiveness when they escape natural enemies in their invasive range (Blossey and Nötzold 1995).",,,EICA,Evolution of increased competitive ability,"After having been released from natural enemies, non-native species will allocate more energy in growth and/or reproduction (this re-allocation is due to genetic changes), which makes them more competitive",Blossey and Nötzold (1995),Plants,,,,
EIM,Ecological imbalance,Invasion patterns are a function of the evolutionary characteristics of both the recipient region and potential donor regions. Species from regions with highly diverse evolutionary lineages are more likely to become successful invaders in less diverse regions,Fridley and Sax 2014,,EIM,Ecological imbalance hypothesis,,no equivalence,,ME + ED,invasion biology,,,,,,,EIH,,evolutionary imbalance,An evolutionary imbalance in competitive ability between non-native species from areas with diverse lineages and native species from less diverse areas should increase their relative invasiveness (Fridley and Sax 2014).,"Founder diversity consistently increases establishment success and reduces chance of local extinction (Forsman 2013). This pattern holds for invasive animals, such as Daphnia magna, and Plants, such as Spartina alterniflora (Wang et al. 2012, Robinson et al. 2013).",Invasive ant Linepithema humile and native aphid Chaitophorus populicola form mutualistic association potentially because of exaptation of features for cross-species communication (Mondor and Addicott 2007).,EIM,Ecological imbalance,Invasion patterns are a function of the evolutionary characteristics of both the recipient region and potential donor regions. Species from regions with highly diverse evolutionary lineages are more likely to become successful invaders in less diverse regions,Fridley and Sax (2014),Multiple,,,,
EINV,ecosystem invasibility,"The successful integration of non-native organisms in a new area depends on the characteristics, or ecosystem invasibility, of the recipient environment.",Alpert et al. 2000; Richardson and Pyšek 2006,,EINV,Ecosystem invasibility hypothesis,,no equivalence,,ED,invasion biology,,,,,,,EINV,,ecosystem invasibility,"The successful integration of non-native organisms in a new area depends on the characteristics, or ecosystem invasibility, of the recipient environment (Alpert et al. 2000, Richardson and Pyšek 2006).",Environmental heterogeneity promotes dispersal and range expansion of animals with density-dependent dispersal as populations outgrow their patches in heterogenous environments (O'Reilly-Nugent et al. 2016).,Sub-arctic ecosystems are not uniformly invasible. Plant invasion success in these ecosystems is influenced by community composition and disturbance level (Milbau et al. 2013).,,,,,Plants,,,,
EMH,enhanced mutualisms,"Introduced species can benefit from novel or enhanced mutualisms with native species, which can increase their performance relative to native populations (Reinhart and Callaway 2006). See also host-jumping and new associations hypothesis (Hui and Richardson 2017).",Reinhart and Callaway 2006,,EMH,Enhanced mutualisms hypothesis,,no equivalence,,ED,invasion biology,,,,,,,EMH,NINT,enhanced mutualisms,"Introduced species can benefit from novel or enhanced mutualisms with native species, which can increase their performance relative to native populations (Reinhart and Callaway 2006). See also host-jumping and new associations hypothesis (Hui and Richardson 2017).",,,,,,,Plants,,,,
EN,Empty niche,The invasion success of non-native species increases with the availability of empty niches in the exotic range,MacArthur 1970,,EN,Empty niche hypothesis,,no equivalence,,ME + ED,invasion biology,,,,,,,NICHE,,Niche,"Non-native species expand into new areas by filling an empty niche (Elton 1958) and non-native species will be unlikely to establish in a community dominated by functionally similar species because of greater niche overlap (MacArthur and Levins 1967, Abrams 1983, Stachowicz and Tilman 2005).","Phenological traits can allow non-native species to exploit a resource earlier (empty niche), and potentially longer, than native species. This has been observed in native vs. non-native members of family Torymidae in France (Gidoin et al. 2015) and with members of the genus Acer in North America (Paquette et al. 2012).",,EN,Empty niche,The invasion success of non-native species increases with the availability of empty niches in the exotic range,MacArthur (1970),Multiple,,,,
ENA,Ecological naivety aka evolutionary naivety aka eco-evolutionary naivety,"The impact of a non-native species on biodiversity is influenced by the evolutionary experience of the invaded community. Thus, the largest impacts are caused by species (e.g., predators, herbivores, pathogens) invading systems where no phylogenetically or functionally similar species exist",Diamond and Case 1986; Ricciardi and Atkinson 2004,,ENA,Ecological naivety hypothesis,,no equivalence,,ME + ED,invasion biology,,,,,,,NAIVE,REL,eco-evolutionary naive,"The impact of the invader is likely to be higher in eco-evolutionary naive communities, i.e. in communities where no phylogenetically or functionally similar species are present (Diamond and Case 1986, Carthey and Banks 2014).",,,ENA,Ecological naivety aka evolutionary naivety aka eco-evolutionary naivety,"The impact of a non-native species on biodiversity is influenced by the evolutionary experience of the invaded community. Thus, the largest impacts are caused by species (e.g., predators, herbivores, pathogens) invading systems where no phylogenetically or functionally similar species exist",Diamond and Case (1986); Ricciardi and Atkinson (2004),Multiple,,,,
ENICHE,empty niche as ecological fitting,Specialized interactions in ecological networks may leave niche space unoccupied by inhibiting co-evolution. The empty niches can be exploited by non-native species through ecological fitting.,Hui and Richardson 2017,,ENICHE,Ecological fitting,,no equivalence,,ED,invasion biology,,,,,,,ENICHE,NICHE,empty niche,Specialized interactions in ecological networks may leave niche space unoccupied by inhibiting co-evolution. The empty niches can be exploited by non-native species through ecological fitting (Hui and Richardson 2017).,,,,,,,Multiple,,,,
EP,Earlier phenology,Seasonal life cycles tend to start earlier in the urban core than in rural surroundings. ,Roetzer et al. 2000,,EP,Earlier phenology hypothesis,,no equivalence,,SL,urban ecology,Earlier phenology,,EP,Seasonal life cycles tend to start earlier in the urban core than in rural surroundings. ,Roetzer et al. 2000,"Pattern thought to be related to the urban heat island, both due to milder temperatures in winter/spring, but possibly also as a reponse to earlier summer drought. First demonstrated for Plants, but also valid in some other groups",,,,,,,,,,,Plants,Urbanized,Jackson 1966 ,"Phenology is determined by the microclimate. Warmer temperatures tend to accelerate development and cause earlier seasonal phenological stages (e.g. flowering). ""﻿Mean flowering dates for the entire area were retarded more at cooler locations than warmer slopes were advanced.""abstract, Jackson 1966.",
ER,Enemy release,The absence of enemies in the exotic range is a cause of invasion success,Keane & Crawley 2002,,ER,Enemy release hypothesis,https://www.wikidata.org/entity/Q85759287,perfect equivalence ,,SL + ME + ED,urban ecology + invasion biology,Enemy release,,ER,The absence of enemies is a cause of invasion success.,Keane & Crawley 2002,Application to cities: Adams et al. 2009; Shwartz et al. 2009,ERH ,,enemy release," Non-native species may rapidly increase in abundance and distribution due to enemy release: the absence, or reduction, of regulation by natural enemies (Keane and Crawley 2002).","Invasive rodents in Senegal have lower parasite loads than native rodents, which may partially explain their relative success (Diagne et al. 2016).",,ER,Enemy release,The absence of enemies in the exotic range is a cause of invasion success,Keane and Crawley (2002),Plants,Related field,n.a.,n.a.,
ERD,Enemy reduction,The partial release of enemies in the exotic range is a cause of invasion success,Colautti et al. 2004,,ERD,Enemy reduction hypothesis,,no equivalence,,ME + ED,invasion biology,,,,,,,ERH,,enemy release,"Non-native species may rapidly increase in abundance and distribution due to enemy release: the absence, or reduction, of regulation by natural enemies (Keane and Crawley 2002).","Invasive rodents in Senegal have lower parasite loads than native rodents, which may partially explain their relative success (Diagne et al. 2016).",,ERD,Enemy reduction,The partial release of enemies in the exotic range is a cause of invasion success,Colautti et al. (2004),Plants,,,,
ERH,Enemy release hypothesis in urban core 2: herbivore perspective,"In the absence of their native enemies in the urban core, alien herbivore insects introduced along alien Plants are prone to outbreaks.",Raupp et al. 2010; Tallamy 2004 ,,ERH,Enemy release hypothesis in urban core 2: herbivore perspective,,no equivalence,,SL,urban ecology,Enemy release hypothesis in urban core 2: herbivore perspective,Non-native species hypothesis* aka Invader species hypothesis,ERH,"In the absence of their native enemies in the urban core, alien herbivore insects introduced along alien Plants are prone to outbreaks.","Raupp et al. 2010, Tallamy 2004 ",,,,,,,,,,,,"Plants, Arthropods",,,,
ERP,Enemy release hypothesis in urban core 1: plant perspective,﻿Decreased regulation by herbivores and other enemies in the city allow exotic Plants to increase in distribution and abundance.,Raupp et al. 2010; Tallamy 2004,,ERP,Enemy release hypothesis in urban core 1: plant perspective,,no equivalence,,SL,urban ecology,Enemy release hypothesis in urban core 1: plant perspective,Non-native species hypothesis* aka Invader species hypothesis,ERP,﻿Decreased regulation by herbivores and other enemies in the city allow exotic Plants to increase in distribution and abundance.,"Raupp et al. 2010, Tallamy 2004",,,,,,,,,,,,"Plants, Arthropods",,,,
ET,Ecological trap,"Habitats preferred over other, higher quality habitats can be low in quality for reproduction or survival and may not sustain a population.",Schlaepfer et al. 2002; Battin 2004,,ET,Ecological trap hypothesis,,no equivalence,,SL,urban ecology,Ecological trap,,ET,"Habitats preferred over other, higher quality habitats can be low in quality for reproduction or survival and may not sustain a population.",Schlaepfer et al. 2002; Battin 2004,"Application to cities: Sumasgutner et al. 2014; Bonnington et al. 2015; Hale et al. 2015. Schlaepfer et al. 2002: ""in an environment that has been altered suddenly by human activities, an organism makes a maladaptive habitat choice based on formerly reliable environmental cues, despite the availability of higher quality habitat"". Aka 'attractive sink', source-sink hypothesis",,,,,,,,,,,unspecific,Related field,n.a.,n.a.,
EVH,Environmental heterogeneity,The invasion success of non-native species is high if the exotic range has a highly heterogeneous environment,Melbourne et al. 2007,,EVH,Environmental heterogeneity hypothesis,,no equivalence,,ME + ED,invasion biology,,,,,,,EHET,EINV,Environmental heterogeneity,Environmental heterogeneity promotes invasions by increasing both ecosystem invasibility and coexistence with native species (Melbourne et al. 2007). See also FLUC.,,,EVH,Environmental heterogeneity,The invasion success of non-native species is high if the exotic range has a highly heterogeneous environment,Melbourne et al. (2007),Multiple,,,,TH: not equivalent in my point of view
FLUC,Fluctuating resources,"Fluctuating resources affect ecosystem invasibility, with unused resources facilitating invasion (Davis et al. 2000).",Davis et al. 2000,,FLUC,Fluctuating resources hypothesis,,no equivalence,,ED,invasion biology,,,,,,,FLUC,EINV,Fluctuating resources,"Fluctuating resources affect ecosystem invasibility, with unused resources facilitating invasion (Davis et al. 2000).",,,,,,,Plants,,,,
FWR,Food-web reshaping*,"Urban food webs largely lack weak interactions, but the partly disassembled food webs retain a greater density of species interactions (e.g. greater connectance).",Start et al. 2020,,FWR,Food-web reshaping hypothesis,,no equivalence,,SL,urban ecology,Food-web reshaping*,,FWR,"Urban food webs largely lack weak interactions, but the partly disassembled food webs retain a greater density of species interactions (e.g. greater connectance).",Start et al. 2020,"""Specifically, urban food webs were less diverse and had fewer total links (Figure 3a,b). However, because generalists were lost more slowly in cities than specialists, species richness declined more quickly than the number of total links, increasing link densities and connectance in cities"" Start et al. 2020",,,,,,,,,,,"Plants, Arthropods",Urban,n.a.,,
GBOT,genetic bottleneck,Small founding populations can cause a genetic bottleneck of incipient invasion leading to high inbreeding levels in introduced populations.,Willi et al. 2006,,GBOT,Genetic bottleneck hypothesis,,no equivalence,,ED,invasion biology,,,,,,,GBOT,,genetic bottleneck,Small founding populations can cause a genetic bottleneck of incipient invasion leading to high inbreeding levels in introduced populations (Willi et al. 2006).,Genetic bottlenecks in introduced populations of ladybug Harmonia axyridis are thought to purge deleterious alleles as introduced populations tend not to experience the same inbreeding depression as native populations (Facon et al. 2011).,,,,,,unspecific,,,,
GC,Global competition,A large number of different non-native species is more successful than a small number,"Colautti, Grigorovich, and MacIsaac 2006",,GC,Global competition hypothesis,,no equivalence,,ME,invasion biology,,,,,,,,,,,,,GC,Global competition,A large number of different non-native species is more successful than a small number,"Colautti, Grigorovich, and MacIsaac (2006)",Multiple,,,,
GENS,Genetic shifts,Genetic shifts take place in the novel range that facilitate invasion of non-native species.,Elst et al. 2016,,GENS,Genetic shifts hypothesis,,no equivalence,,ED,invasion biology,,,,,,,GENS,,Genetic shifts,Genetic shifts take place in the novel range that facilitate invasion of non-native species (Elst et al. 2016).,"Experimental evidence with the bean beetle Callosobruchus maculatus shows that spatial sorting promotes evolution relating to dispersal distance, which increases invasion speed (Ochocki and Miller 2017).",Japanese knotweed Fallopia × bohemica is more invasive than its non-native parents Fallopia japonica and Fallopia sachalinensis (Mandak et al. 2004).,,,,,Plants,,,,
GR,Green roofs,Green roofs promote urban biodiversity.,Oberndorfer et al. 2007; Williams et al. 2014 ,,GR,Green roofs hypothesis,,no equivalence,,SL,urban ecology,Green roofs,,GR,Green roofs promote urban biodiversity.,Oberndorfer et al. 2007; Williams et al. 2014 ,"""Green roofs (roofs with a vegetated surface and substrate) provide ecosystem services in urban areas, including improved storm-water management,better regulation of building temperatures, reduced urban heat-island effects, and increased urban wildlife habitat."" Oberndorfer et al. 2007 p.823",,,,,,,,,,,Multiple,Urban,n.a.,n.a.,
GS,Genetic signatures*,"""Genetic signatures of urban eco-evolutionary feedback can be detected across Multiple taxa and ecosystem functions."" (p. 116 in Alberti 2015)",Alberti 2015,,GS,Genetic signatures hypothesis,,no equivalence,,SL,urban ecology,Genetic signatures*,,GS,"""Genetic signatures of urban eco-evolutionary feedback can be detected across Multiple taxa and ecosystem functions."" (p. 116 in Alberti 2015)",Alberti 2015,,,,,,,,,,,,unspecific,Urban,n.a.,n.a.,
GVS,Generalists vs. specialists*,Species richness in urban habitats is low in specialists but high in generalists.,Sorace & Gustin 2009,,GVS,Generalists vs. specialists hypothesis,,no equivalence,,SL,urban ecology,Generalists vs. specialists*,,GVS,Species richness in urban habitats is low in specialists but high in generalists.,Sorace & Gustin 2009,,,,,,,,,,,,Birds,Urbanized,McKinney 1991 (related to biotic homogenization),Species richness in disturbed habitats is low in specialists but high in generalists.,
HAF,Hyperabundance due to anthropogenic food* (aka predator subsidy consumption aka prey hyperabundance),An increase in the proportion of anthropogenic food with urbanization leads to an increase in the abundance of prey as well as mid-sized animals (e.g. mesopredators). ,Fischer et al. 2012,,HAF,Hyperabundance due to anthropogenic food (aka predator subsidy consumption aka prey hyperabundance) hypothesis,,no equivalence,,SL,urban ecology,Hyperabundance due to anthropogenic food* (aka predator subsidy consumption aka prey hyperabundance),,HAF,An increase in the proportion of anthropogenic food with urbanization leads to an increase in the abundance of prey as well as mid-sized animals (e.g. mesopredators). ,Fischer et al. 2012,"Originally two hypotheses: ""Predator subsidy consumption: The proportion of anthropogenic food in the diet of mesopredators will increase with urbanization. Predation rates on vertebrates preyed on by mesopredators will decline with urbanization. Prey hyperabundance: The proportion of anthropogenic food in the diet of some prey species will increase with urbanization. The abundance of these species will increase with urbanization. The predation rate on these species will decline with urbanization."" p. 816 in Fischer et al. 2012",,,,,,,,,,,"Mammals, Birds",Urban,n.a.,,
HC,Human commensalism,Species that live in close proximity to humans are more successful in invading new areas than other species.,Jeschke & Strayer 2006,,HC,Human commensalism hypothesis,,perfect equivalence,,SL + ME + ED,urban ecology; invasion biology,Human commensalism,,HC,Species that live in close proximity to humans are more successful in invading new areas than other species.,Jeschke & Strayer 2006,Application to cities: Møller et al. 2015,HCOM ,,human commensalism, Human commensalism is positively related to invasion success (Jeschke and Strayer 2006).,Many rats have a commensal relationship with humans that have allowed them to spread and survive over much of the globe (Puckett et al. 2020).,,HC,Human commensalism,Species that live in close proximity to humans are more successful in invading new areas than other species,Jeschke and Strayer (2006),Multiple,Related field,n.a.,n.a.,
HD,Habitat diversity,Biodiversity in urban areas is high due to habitat diversity.,Pyšek 1989,,HD,Habitat diversity hypothesis,,no equivalence,,SL,urban ecology,Habitat diversity,,HD,Biodiversity in urban areas is high due to habitat diversity.,Pyšek 1989,"""Larger cities are characterized by a greater intensity of the anthropic pressure and higher diversity of habitats.  The typical urban biotopes are combined with the suburban areas of rural character, which contributes to the flora enrichment."" Pysek 1989, p.332 ",,,,,,,,,,,Plants,Urbanized,Elton 1933; Young 2001,,
HER,Herbivore proliferation*,"Herbivores may become hyperabundant in urban areas, sometimes leading to pest outbreaks. ",Raupp et al. 2010 ,,HP,Herbivore proliferation hypothesis,,no equivalence,,SL,urban ecology,Herbivore proliferation*,,HP,"Herbivores may become hyperabundant in urban areas, sometimes leading to pest outbreaks. ",Raupp et al. 2010 ,"﻿For herbivore arthropods (Raupp 2010, p20): ""Dramatically elevated densities have been documented frequently in urban forests by herbivorous arthropods that rarely, if ever, reach high densities in natural forests "" and  ﻿""Herbivore outbreaks in urban environments have been linked to improved host quality resulting from environmental stress ﻿associated with impervious surfaces and elevated temperatures, as well as escape from natural enemies.""",,,,,,,,,,,Arthropods,,,,
HF,Habitat filtering,The invasion success of non-native species in the new area is high if they are pre-adapted to this area,Weiher and Keddy 1995,,HF,Habitat filtering hypothesis,,"analogous (similar concept)
",PUC,ME + ED,invasion biology,,,,,,,PREAD,,preadaptation,Traits evolved in the native range can facilitate the invasion of non-native species into novel environments through preadaptation (Mack 2003).,Vegetative traits evolved in invasive Himalayan balsam's Impatiens glandulifera native range contributed to its invasion success (Elst et al. 2016).,,HF,Habitat filtering,The invasion success of non-native species in the new area is high if they are pre-adapted to this area,Weiher and Keddy (1995),Plants,Related field,n.a.,n.a.,
HI,Habitat isolation,More isolated habitat islands have lower species richness. ,MacArthur & Wilson 1967,,HI,Habitat isolation hypothesis,,no equivalence,,SL,urban ecology,Habitat isolation,,HI,More isolated habitat islands have lower species richness. ,MacArthur & Wilson 1967,"""The decrease of the inter-patch distance we observed in town is not indicative of a decrease in habitat patch isolation since patches in urbanised areas are closer to each other but separated by a matrix of built surface which may be a more important barrier to dispersal"" Croci et al. 2008a, p.1181",,,,,,,,,,,unspecific,,,,
HP,Homogenization paradigm,"Land cover change in urban areas favours homogenized communities with a high proportion of non-native, ubiquitous species.",Catterall et al. 2010.,,HP,Homogenization paradigm hypothesis,,no equivalence,,SL,urban ecology,Homogenization paradigm,Urban biotic homogenization,HP,"Land cover change in urban areas favours homogenized communities with a high proportion of non-native, ubiquitous species.",Catterall et al. 2010.,,,,,,,,,,,,Birds,Urban,n.a.,,
HREL,human release," Non-native species establishment and expansion can be limited by land-management activities and cessation of these human activities can release non-native species, facilitating expansion.",Zimmermann et al. 2014,,HREL ,Human release hypothesis,,no equivalence,,ED,invasion biology,,,,,,,HREL ,,human release," Non-native species establishment and expansion can be limited by land-management activities and cessation of these human activities can release non-native species, facilitating expansion (Zimmermann et al. 2014).","Abandonment of agricultural land, and related land management activities, in rural Hungary allowed the proliferation of previously suppressed invasive Plants (Pándi et al. 2014).",,,,,,Plants,,,,
HRR,Home range reduction*,Many species maintain smaller home ranges in urban areas.,Mannan & Boal 2000; Atwood et al. 2004; Wright et al. 2012,,HRR,Home range reduction hypothesis,,no equivalence,,SL,urban ecology,Home range reduction*,,HRR,Many species maintain smaller home ranges in urban areas.,Mannan & Boal 2000; Atwood et al. 2004; Wright et al. 2012,"""both suburban/exurban and rural coyotes configure home ranges to minimize exposure to human development and matrix habitat, thereby reducing exposure to humans"" (Atwood et al.  2004)",,,,,,,,,,,"Birds, Mammals",Urban,n.a.,,
HS,Shift toward generalist species* aka Habitat specialist,Urban environments typically favor generalists over specialists. ,Sorace 2009; Adler & Tanner 2013; Lowry et al. 2013; Concepción 2015; Elek & Lövei 2007; Klausnitzer 1987; Magura et al. 2004,,HS,Shift toward generalist species aka Habitat specialist hypothesis,,no equivalence,,SL,urban ecology,Shift toward generalist species* aka Habitat specialist,Ideal urban dweller,HS,Urban environments typically favor generalists over specialists. ,"Sorace 2009, Adler & Tanner 2013 p. 205, Lowry et al. 2013, Concepción 2015, Elek & Lövei 2007, Klausnitzer 1987, Magura et al. 2004",,,,,,,,,,,,Multiple,,,,
HYBR,Hybridization,Hybridization of introduced species with native or non-native species can promote invasiveness in the novel range.,Daly et al. 2022,,HYBR,Hybridization hypothesis,,no equivalence,,ED,invasion biology,,,,,,,HYBR,GENS,Hybridization,Hybridization of introduced species with native or non-native species can promote invasiveness in the novel range.,,,,,,,Plants ,,,,
IB,Increased boldness ,Animals tend to become bolder in urban than non-urban areas.,Knight et al. 1987; Uchida et al. 2019,,IB,Increased boldness hypothesis,,no equivalence,,SL,urban ecology,Increased boldness ,,IB,Animals tend to become bolder in urban than non-urban areas.,Knight et al. 1987; Uchida et al. 2019,"Knight et al. 1987: ""We examined two complementary hypotheses: (1) in an area of high human density and low persecution, crows should habituate to human beings near their nests and (2) in areas of high persecution, crows should show avoidance behavior to human intruders near their nests"".",,,,,,,,,,,"Birds, Mammals",Urban,n.a.,,
ID,Intermediate disturbance,Biodiversity is high in sites that show intermediate levels of disturbance and decreases with no and high levels of management.,"Grime 1973; Connell 1978, p. 1303",,ID,Intermediate disturbance hypothesis,,no equivalence,,SL,urban ecology,Intermediate disturbance,,ID,Biodiversity is high in sites that show intermediate levels of disturbance and decreases with no and high levels of management.,"Grime 1973; Connell 1978, p. 1303","Application to cities: Kowarik 1990; Blair 1996; McKinney 2008; Fig. 2 in Grime 1973 first (?) graphical representation; name coined (?) in Connell 1978, p. 1303: ""Diversity is higher when disturbances are intermediate on the scales of frequency and intensity (the ""intermediate disturbance"" hypothesis)."" ",,,,,,,,,,,"Plants, Multiple",Related field,n.a.,n.a.,
IM,Invasional meltdown,"The presence of non-native species in an ecosystem facilitates invasion by additional species, increasing their likelihood of survival or ecological impact",Simberloff and Holle 1999,,IM,Invasional meltdown hypothesis,http://www.wikidata.org/entity/Q115322315,no equivalence,,ME + ED,invasion biology,,,,,,,MELT,,invasional meltdown,Previously introduced species may facilitate the establishment of newly introduced species resulting in invasional meltdown (Simberloff and Von Holle 1999).,"Invasive soil microbiota can change soil conditions such that they are less hospitable for native microbes than other non-native species, potentially causing in invasional meltdown (Zhang et al. 2020).","In North America's Great Lakes, many invasive species interactive positively with each other. For example, Eurasian macrophytes provide substrate to Asian bryozoans which may have facilitated their spread (Ricciardi 2001).",IM,Invasional meltdown,"The presence of non-native species in an ecosystem facilitates invasion by additional species, increasing their likelihood of survival or ecological impact",Simberloff and Holle (1999),Multiple,,,,
IMD,imperialism,"Eurasian species have better invasion success relative to other species because of coevolution with Europeans and their associated species, which were globally dispersed during European imperialism.",Crosby 1986; Jeschke and Strayer 2005,,IMD,Imperialism hypothesis,,no equivalence,,ED,invasion biology,,,,,,,IMD,MELT,imperialism,"Eurasian species have better invasion success relative to other species because of coevolution with Europeans and their associated species, which were globally dispersed during European imperialism (Crosby 1986, Jeschke and Strayer 2005).",,,,,,,Multiple,,,,
INBRE,inbreeding,"Inbreeding in introduced populations can lead to inbreeding depression, potentially inhibiting long term establishment and expansion.",Willi et al. 2006,,INBRE,Inbreeding hypothesis,,no equivalence,,ED,invasion biology,,,,,,,INBRE,,inbreeding,"Inbreeding in introduced populations can lead to inbreeding depression, potentially inhibiting long term establishment and expansion (Willi et al. 2006).",,,,,,,unspecific,,,,
IRA,Increased resource availability,The invasion success of non-native species increases with the availability of resources,Sher and Hyatt 1999,,IRA,Increased resource availability hypothesis,,no equivalence,,ME,invasion biology,,,,,,,,,,,,,IRA,Increased resource availability,The invasion success of non-native species increases with the availability of resources,Sher and Hyatt (1999),Plants,,,,
IS,Non-native species hypothesis* aka Invader species,Non-native species richness increases with urbanization.,Sukopp 1969; Kunick 1974; Kowarik 1988; Blair 2001,,IS,Invader species hypothesis,,no equivalence,,SL,urban ecology,Non-native species hypothesis* aka Invader species,,IS,Non-native species richness increases with urbanization.,Sukopp 1969; Kunick 1974; Kowarik 1988; Blair 2001,,,,,,,,,,,,"Plants, Birds, Insects",,,,
ISH,Island susceptibility hypothesis,Non-native species are more likely to become established and have major ecological impacts on islands than on continents,Jeschke 2008,,ISH,Island susceptibility hypothesis,https://www.wikidata.org/entity/Q115322263,no equivalence,,ME + ED,invasion biology,,,,,,,IS,EINV,Island susceptibility,Island ecosystems have higher susceptibility to ecological impacts from biological invasion than continents (Jeschke 2008).,,,ISH,Island susceptibility hypothesis,Non-native species are more likely to become established and have major ecological impacts on islands than on continents,Jeschke (2008),Plants,Urban,n.a.,n.a.,
ISU,Increased susceptibility,"If a non-native species has a lower genetic diversity than the native species, there will be a low probability that the non-native species establishes itself",Colautti et al. 2004,,IS,Increased susceptibility hypothesis,,no equivalence,,ME,invasion biology,,,,,,,,,,,,,IS,Increased susceptibility,"If a non-native species has a lower genetic diversity than the native species, there will be a low probability that the non-native species establishes itself",Colautti et al. (2004),Multiple,,,,
IUD,Ideal urban dweller*,There are specific traits that make species successful in urban ecosystems.,"Adler & Tanner 2013, pp. 202",,IUD,Ideal urban dweller hypothesis,,analogous (similar concept),IW,SL,urban ecology,Ideal urban dweller*,,IUD,There are specific traits that make species successful in urban ecosystems.,"Adler & Tanner 2013, pp. 202; for key references on sub-hypotheses see supplement",see Fischer et al. (2015) for terminology questions related to urban dwellers vs. urban exploiters vs. urban adapters,,,,,,,,,,,Multiple,,n.a.,,
IW,Ideal weed,"The invasion success of a non-native species depends on its specific traits (e.g., life-history traits)",Baker 1965; Rejmánek and Richardson 1996,,IW,Ideal weed hypothesis,,analogous (similar concept),IUD,ME + ED,invasion biology,,,,,,,SINV ,,species invasiveness,"Species invasiveness, the propensity of a non-native species to become invasive, is determined by the performance, originality, and/or plasticity of traits (Elton 1958, Rejmánek and Richardson 1996, Alpert et al. 2000, van Kleunen et al. 2010)  see also ‘Ideal weed'.","Plant traits such as reproductive ability, growth form, seed morphology, and dispersal ability can all influence invasiveness (Richardson and Pyšek 2006).",,IW,Ideal weed,"The invasion success of a non-native species depends on its specific traits (e.g., life-history traits)",Baker (1965); Rejmánek and Richardson (1996),Multiple,,n.a.,,
LGT,Length of generation times,Species with shorter generation times might adapt faster to the urban environment.,McDonnell et al. 2015,,LGT,Length of generation times hypothesis,,no equivalence,,SL,urban ecology,Length of generation times,Ideal urban dweller,LGT,Species with shorter generation times might adapt faster to the urban environment.,McDonnell et al. 2015,,,,,,,,,,,,Multiple,,,,
LOF,Landscape of fear,Animals adjust their behavior and activity to avoid humans spatio-temporally.,Brown et al. 1999; Laundré et al. 2010; Bleicher 2017,,LOF,Landscape of fear hypothesis,,no equivalence,,SL,urban ecology,Landscape of fear,,LOF,Animals adjust their behavior and activity to avoid humans spatio-temporally.,Brown et al. 1999; Laundré et al. 2010; Bleicher 2017,Stillfried et al. 2017 for application in urban environments,,,,,,,,,,,"Mammals, Multiple",Related field,n.a.,n.a.,
LS,Limiting similarity,"The invasion success of non-native species is high if they strongly differ from native species, and low if they are similar to native species",MacArthur and Levins 1967,,LS,Limiting similarity hypothesis,http://www.wikidata.org/entity/Q111725287,no equivalence,,ME + ED,invasion biology,,,,,,,NICHE,,Niche,"Non-native species expand into new areas by filling an empty niche (Elton 1958) and non-native species will be unlikely to establish in a community dominated by functionally similar species because of greater niche overlap (MacArthur and Levins 1967, Abrams 1983, Stachowicz and Tilman 2005).","Phenological traits can allow non-native species to exploit a resource earlier (empty niche), and potentially longer, than native species. This has been observed in native vs. non-native members of family Torymidae in France (Gidoin et al. 2015) and with members of the genus Acer in North America (Paquette et al. 2012).",,LS,Limiting similarity,"The invasion success of non-native species is high if they strongly differ from native species, and low if they are similar to native species",MacArthur and Levins (1967),Multiple,,,,
LSI,Light at night - social interaction*,Light pollution alters social interactions and group dynamics of animals.,Kurvers & Hoelker 2015,,LSI,Light at night - social interaction hypothesis,,no equivalence,,SL,urban ecology,Light at night - social interaction*,,LSI,Light pollution alters social interactions and group dynamics of animals.,Kurvers & Hoelker 2015,Kurvers & Hoelker 2015 also address cities,,,,,,,,,,,Multiple,Related field,n.a.,n.a.,
MDH,disrupt mutualistic,Invasive populations can disrupt mutualistic interactions between native species in their introduced ranges. Disruptions may also take place at the community scale (‘Keystone Mutualist Hypothesis' (Gilbert 1980)).,Traveset and Richardson 2006;Gilbert 1980,,MDH,Mutualism disruption hypothesis,,no equivalence,,ED,invasion biology,,,,,,,MDH,NINT,disrupt mutualistic,Invasive populations can disrupt mutualistic interactions between native species in their introduced ranges (Traveset and Richardson 2006). Disruptions may also take place at the community scale (‘Keystone Mutualist Hypothesis' (Gilbert 1980)).,,,,,,,Multiple,,,,
ME,Microbiota exposure,Urbanization reduces exposure of humans to environmental microbiota.,Ruiz-Calderon et al. 2016; Parajuli et al. 2018,,ME,Microbiota exposure hypothesis,,no equivalence,,SL,urban ecology,Microbiota exposure,,ME,Urbanization reduces exposure of humans to environmental microbiota.,Ruiz-Calderon et al. 2016; Parajuli et al. 2018,"""Westernization has propelled changes in urbanization and architecture, altering our exposure to the outdoor environment from that experienced during most of human evolution. These changes might affect the developmental exposure of infants to bacteria, immune development, and human microbiome diversity"" Ruiz-Calderon et al. 2016 p.1/7; ""These remarkable changes in house microbial content across urbanization might translate into differences in microbial exposure that may have developmental health implications for humans (17), according to several related hypotheses [...], suggesting that the reduced pattern ofmicrobial exposure leads to immune and metabolic disorders that have become the new disease paradigm in the industrialized world."" Ruiz-Calderon et al. 2016, p.5/7",,,,,,,,,,,Humans,Urban,n.a.,n.a.,
MM,Missed mutualisms,"In their exotic range, non-native species suffer from missing mutualists",Mitchell et al. 2006,,MM,Missed mutualisms hypothesis,http://www.wikidata.org/entity/Q116287087,no equivalence,,ME + ED,invasion biology,,,,,,,MISS,NINT,missing mutualistic,The fitness of non-native species may be reduced in the novel range due to missing mutualistic interaction partners from the native range (Mitchell et al. 2006). Co-introduction of mutualists may be necessary for invasive success (Hui and Richardson 2017).,,,MM,Missed mutualisms,"In their exotic range, non-native species suffer from missing mutualists",Mitchell et al. (2006),Plants,,,,
NAS,New associations,New relationships between non-native and native species can positively or negatively influence the establishment of the non-native species,Colautti et al. 2006,,NAS,New associations hypothesis,,no equivalence,,ME + ED,invasion biology,,,,,,,NINT,,Novel interactions,Novel interactions that occur in new combinations of native and non-native species influence the establishment and success of non-natives (Poyet et al. 2015). These novel interactions often occur through ecological fitting (Hui and Richardson 2017).,Numerous novel trophic interactions appear between native fleshy-fruited Plants and the invasive fruit fly Drosophila suzukii (Poyet et al. 2015).,"Non-native Plants can inhibit mycorrhizal growth and activity, which disrupts the mutualistic mycorrhizal-native plant relationship and indirectly inhibit native plant growth (Vogelsang and Bever 2009).",NAS,New associations,New relationships between non-native and native species can positively or negatively influence the establishment of the non-native species,Colautti et al. (2006),Animals,,,,
NC,Novel communities,Urban environments have novel communities that do not exist in natural environments.,Perring et al. 2013,,NC,Novel communities hypothesis,,no equivalence,,SL,urban ecology,Novel communities,,NC,Urban environments have novel communities that do not exist in natural environments.,Perring et al. 2013,,,,,,,,,,,,unspecific,Urban,n.a.,,
NCONS,Native consumers,Invasion may be inhibited when non-native species are at increased susceptibility to consumption due to consumer preference and lack of effective defences.,Colautti et al. 2004; Parker and Hay 2005,,NCONS,Native consumers hypothesis,,no equivalence,,ED,invasion biology,,,,,,,NCONS,BEHAV,Native consumers,"Invasion may be inhibited when non-native species are at increased susceptibility to consumption due to consumer preference and lack of effective defences (Colautti et al. 2004, Parker and Hay 2005).",,,,,,,Multiple,,,,
NHA,Nonnative species richness increases in response to human activity,Nonnative species increase with human impact hemeroby in cities (functional dimension),Sukopp 1969; Kowarik 1988,,NHA,Human activity hypothesis,,no equivalence,,SL,urban ecology,Nonnative species richness increases in response to human activity,Non-native species hypothesis* aka Invader species hypothesis,NHA,Nonnative species increase with human impact hemeroby in cities (functional dimension),"Sukopp 1969, Kowarik 1988",,,,,,,,,,,,Plants,,,,"TH: PP is too different in my opinion, I would vote against equivalence"
NICHER,residents,"Non-native species similar to residents can become ‘sleeper' invasives, waiting for disturbance to facilitate expansion, as similarity ensures habitat suitability. See also the concept of ‘invasion debt'.",Hui et al. 2016,,NICHER,Residents hypothesis,,no equivalence,,ED,invasion biology,,,,,,,NICHER,NICHE,residents,"Non-native species similar to residents can become ‘sleeper' invasives, waiting for disturbance to facilitate expansion, as similarity ensures habitat suitability (Hui et al. 2016). See also the concept of ‘invasion debt'.",,,,,,,Multiple,,,,
NNS,Non-native substitution*,Nonnative Plants in urban areas can sometimes substitute the loss of ressources provided by native Plants.,Zacharias 1972; Berthon et al. 2021,,NNS,Non-native substitution hypothesis,,no equivalence,,SL,urban ecology,Non-native substitution*,,NNS,Nonnative Plants in urban areas can sometimes substitute the loss of ressources provided by native Plants.,Zacharias 1972; Berthon et al. 2021,"""the resources a plant provides are more important than its origin"" Berthon et al. 2021",,,,,,,,,,,Plants,Urbanized,Rodriguez 2006,,
NRU,Nonnative species richness increases along the rural-urban gradient,Nonnative species increase along the rural-urban gradient spatial dimension,Kunick 1974; Blair 2001,,NRU,Non-native species richness hypothesis,,no equivalence,,SL,urban ecology,Nonnative species richness increases along the rural-urban gradient,Non-native species hypothesis* aka Invader species hypothesis,NRU,Nonnative species increase along the rural-urban gradient spatial dimension,"Kunick 1974, Blair 2001",,,,,,,,,,,,"Plants, Birds, Insects",,,,
NW,Novel weapons,"In the exotic range, non-native species can have a competitive advantage against native species because they possess a novel weapon, that is, a trait that is new to the resident community of native species and, therefore, affects them negatively",Callaway and Ridenour 2004,,NW,Novel weapons hypothesis,https://www.wikidata.org/entity/Q109996900,no equivalence,,ME + ED,invasion biology,,,,,,,NWH,ERH,Novel weapons,"Novel weapons, such as chemical or biological defences, evolved in a species' native range may have a greater effect in its novel range where other species are naïve to them (Callaway and Ridenour 2004).",,,NW,Novel weapons,"In the exotic range, non-native species can have a competitive advantage against native species because they possess a novel weapon, that is, a trait that is new to the resident community of native species and, therefore, affects them negatively",Callaway and Ridenour (2004),Multiple,,,,
OPH,Opportunism hypothesis for invasive species,Invasive species are better able to exploit niche opportunities generated by human activities than most native species.,Sol et al. 2012,,OPH,Opportunism hypothesis,,no equivalence,,SL,urban ecology,Opportunism hypothesis for invasive species,Non-native species hypothesis* aka Invader species hypothesis,OPH,Invasive species are better able to exploit niche opportunities generated by human activities than most native species.,Sol et al. 2012,,,,,,,,,,,,,,,,
OW,Opportunity windows,"The invasion success of non-native species increases with the availability of empty niches in the exotic range, and the availability of these niches fluctuates spatio-temporally",Johnstone 1986,,OW,Opportunity windows hypothesis,,no equivalence,,ME + ED,invasion biology,,,,,,,OW,,opportunity window,The opportunity window for successful invasion fluctuates as niche availability varies spatiotemporally (Johnstone 1986). See also NICHER and FLUC.,Reductions in local graminoid populations due to drought can provide an opportunity window facilitating the establishment and expansion an exotic grass (Manea et al. 2016).,,OW,Opportunity windows,"The invasion success of non-native species increases with the availability of empty niches in the exotic range, and the availability of these niches fluctuates spatio-temporally",Johnstone (1986),Plants ,,,,
PES,﻿Pest outbreaks - defense-free space,"Alien arthropods proliferate on ""naive"" native host Plants.",Raupp et al. 2010,,PO,﻿Pest outbreaks - defense-free space hypothesis,,no equivalence,,SL,urban ecology,﻿Pest outbreaks - defense-free space,Non-native species hypothesis* aka Invader species hypothesis,PO,"Alien arthropods proliferate on ""naive"" native host Plants.",Raupp et al. 2010,,,,,,,,,,,,Arthropods,,,,
PH,Plasticity hypothesis,Invasive species are more phenotypically plastic than non-invasive or native ones,"Richards, Bossdorf, Muth, Gurevitch, and Pigliucci 2006",,PH,Plasticity hypothesis,http://www.wikidata.org/entity/Q116193364,no equivalence,,ME + ED,invasion biology,,,,,,,PLAST,,phenotypic plasticity,"Invasive species have greater phenotypic plasticity in ecologically important traits than non-invasive ones, and populations of invasive species are expected to evolve greater plasticity in their invasive range compared to populations within the native range, which facilitate invasion (Richards et al. 2006, Torchyk and Jeschke 2018).",Invasive populations of Acer negundo expressed greater plasticity for diameter growth and phenological sensitivity (Lamarque et al. 2015).,,PH,Plasticity hypothesis,Invasive species are more phenotypically plastic than non-invasive or native ones,"Richards, Bossdorf, Muth, Gurevitch, and Pigliucci (2006)",Multiple,Urbanized,Lockwood et al. 2005,,
PHC,High propagule pressure in cities*,A higher proportion of alien taxa in captivity and cultivation leads to an increased propagule pressure in cities.,Kühn et al. 2017; Potgieter & Cadotte 2020,,PHC,High propagule pressure in cities hypothesis,,analogous (similar mechanism),PP,SL,urban ecology,High propagule pressure in cities*,,PHC,A higher proportion of alien taxa in captivity and cultivation leads to an increased propagule pressure in cities.,Kühn et al. 2017; Potgieter & Cadotte 2020,Repeated introductions of the same species at a location (propagule pressure) can increase the likelihood of successful establishment,,,,,,,,,,,Multiple,Urban,n.a.,n.a.,
PHS,Plant host switching ,"The abundance of alien Plants in the urban core encourages native arthropods (herbivores, pollinators) to switch from native to alien host.",Shapiro 2002; Raupp et al. 2010,,PHS,Plant host switching hypothesis,,no equivalence,,SL,urban ecology,Plant host switching ,,PHS,"The abundance of alien Plants in the urban core encourages native arthropods (herbivores, pollinators) to switch from native to alien host.",Shapiro 2002; Raupp et al. 2010,"""﻿the mainly native [Lepidoptera] species commonly observed in gardens breed mostly or entirely on alien Plants, especially naturalized weeds. Over 40% of the fauna has no known native hosts in the urban–suburban environment."" Shapiro 2002 (p31); ""﻿Countering this trend for reduced herbivore richness and abundance on exotic Plants are specialists that switch from indigenous congeners to alien Plants, as well as native generalists that incorporate introduced Plants into their diet"" Raupp 2010 (p23)",,,,,,,,,,,Arthropods,,,,
PO,Polyploidy hypothesis,"Polyploid organisms, particularly Plants, are predicted to have an increased invasion success, since polyploidy can lead to higher fitness during the establishment phase and/or increased potential for subsequent adaptation",te Beest et al. 2012,,PO,Polyploidy hypothesis,,no equivalence,,ME,invasion biology,,,,,,,,,,,,,PO,Polyploidy hypothesis,"Polyploid organisms, particularly Plants, are predicted to have an increased invasion success, since polyploidy can lead to higher fitness during the establishment phase and/or increased potential for subsequent adaptation",te Beest et al. (2012),Plants,,,,
PP,Propagule pressure,A high propagule pressure (a composite measure consisting of the number of individuals introduced per introduction event and the frequency of introduction events) is a cause of invasion success,"Lockwood, Cassey, and Blackburn 2005",,PP,Propagule pressure hypothesis,https://www.wikidata.org/entity/Q110620464,analogous (similar mechanism),PHC,ME + ED,invasion biology,,,,,,,PROP ,,propagule pressure,"High propagule pressure, the number of introduced individuals, species, and/or introduction events, is a major determinant of the establishment and further colonization success of invasive species (Simberloff 2009, Bulleri et al. 2019).","Propagule pressures in the range of 10–100 individuals have a critical positive effect on invasion success for diverse invertebrates, trees, herbaceous Plants, and both terrestrial and aquatic vertebrates (Cassey et al. 2018).",,PP,Propagule pressure,A high propagule pressure (a composite measure consisting of the number of individuals introduced per introduction event and the frequency of introduction events) is a cause of invasion success,"Lockwood, Cassey, and Blackburn (2005)",Multiple,,Lockwood et al. 2005,,
PPH,Population pressure hypothesis,Urban habitats serve as sinks for rural dispersers. Continuous gene flow between rural source and urban sink populations prohibits pronounced genetic differentiation.,Gloor et al. 2001,,PPH,Population pressure hypothesis,,no equivalence,,SL,urban ecology,Population pressure hypothesis,,PPH,Urban habitats serve as sinks for rural dispersers. Continuous gene flow between rural source and urban sink populations prohibits pronounced genetic differentiation.,Gloor et al. 2001,"""The  population  pressure hypothesis PPH postulates that  urban foxes are simply  in truders from the adjacent rural areas. These foxes invade in human settlements because of a  high population  density in rural areas. According to the PPH, urban areas would provide  suboptimal  habitats for foxes, the dynamics of an urban fox population would closely correlate with the trend of the fox population in the adjacent  rural areas,  and the urban fox population would  genetically not be different  from the adjacent  rural population"" Gloor et al. 2001, p161",,,,,,,,,,,Mammals,Urban,n.a.,n.a.,
PR,Predator relaxation,"Predator density, prey mortality and/or prey fearfulness are lower in urban than non-urban areas.",Tomialojc 1982; Gering & Blair 1999; Shochat et al. 2006; Fischer et al. 2012; Eötvös et al. 2018,,PR,Predator relaxation hypothesis,,no equivalence,,SL,urban ecology,Predator relaxation,,PR,"Predator density, prey mortality and/or prey fearfulness are lower in urban than non-urban areas.",Tomialojc 1982; Gering & Blair 1999; Shochat et al. 2006; Fischer et al. 2012; Eötvös et al. 2018,,,,,,,,,,,,"Birds, Mammals, Arthropods",Urban,n.a.,,
PRE,Predator proliferation,Predator densities and/or predation rates are higher in urban than non-urban areas.,Fischer et al. 2012; Sorace 2002; Eötvös et al. 2018,,PPH,Predator proliferation hypothesis,,no equivalence,,SL,urban ecology,Predator proliferation,,PPH,Predator densities and/or predation rates are higher in urban than non-urban areas.,Fischer et al. 2012 based on Sorace 2002; Eötvös et al. 2018,,,,,,,,,,,,"Mammals, Birds, Arthropods",Urban,n.a.,,
PS,Prey specialization,"""The diet of carnivorous mesopredators will be increasingly dominated by a few species with urbanization. These prey species will be hyperabundant within cities. The predation rate on prey species that are not hyperabundant will decline with urbanization."" (p. 816 in Fischer et al. 2012)",Fischer et al. 2012,,PS,Prey specialization hypothesis,,no equivalence,,SL,urban ecology,Prey specialization,,PS,"""The diet of carnivorous mesopredators will be increasingly dominated by a few species with urbanization. These prey species will be hyperabundant within cities. The predation rate on prey species that are not hyperabundant will decline with urbanization."" (p. 816 in Fischer et al. 2012)",Fischer et al. 2012,,,,,,,,,,,,Birds,Urban,n.a.,,
PUC,Preadaptation to urban conditions,"Urban dwellers are preadapted to urban environments, i.e. they already possessed beneficial traits (e.g. drought resistance) outside of cities that are advantageous in urban environments.",McDonnell & Hahs 2015,,PUC,Preadaptation to urban conditions hypothesis,,analogous (similar concept),HF,SL,urban ecology,Preadaptation to urban conditions,Ideal urban dweller,PUC,"Urban dwellers are preadapted to urban environments, i.e. they already possessed beneficial traits (e.g. drought resistance) outside of cities that are advantageous in urban environments.",McDonnell & Hahs 2015,,,,,,,,,,,,Multiple,,,,"TH: I also see some equivalence here - discuss?
MBV: I don't know about equivalence, but perhaps analogous to preadaptation in invasion biology"
PURG,purged,"Lethal mutations and part of the mutation load can be purged in small populations (Glémin 2003), such as founding populations of introduced species (Willi et al. 2006).",Glémin 2003; Willi et al. 2006,,PURG,Purge hypothesis,,no equivalence,,ED,invasion biology,,,,,,,PURG,,purged,"Lethal mutations and part of the mutation load can be purged in small populations (Glémin 2003), such as founding populations of introduced species (Willi et al. 2006).",,,,,,,unspecific,,,,
RA,Rapid adaptation ,Rates of evolutionary change are greater in urbanizing systems.,Alberti et al. 2017; Johnson & Munshi-South 2017,,RA,Rapid adaptation hypothesis,,no equivalence,,urban ecology,urban ecology,Rapid adaptation ,,RA,Rates of evolutionary change are greater in urbanizing systems.,Alberti et al. 2017;  Johnson & Munshi-South 2017,"""We hypothesize that shifts in the physical and socioeconomic structure and function of large urban complexes can drive rapid evolution of many species that play important roles in communities and ecosystems."" Alberti et al. 2017 p8951; ""Urbanization affects adaptive and nonadaptive evolutionary processes that shape the genetic diversity within and between populations."" Johnson & Munshi-South 2017",,,,,,,,,,,"Plants, Animals",Urbanized,Hendry et al. 2008,"""We find that rates of phenotypic change are greater in anthropogenic contexts than in natural contexts."" Hendry et al. 2008",
RER,Resource-enemy release,"The non-native species is released from its natural enemies and can spend more energy in its reproduction, and invasion success increases with the availability of resources",Blumenthal 2006,,RER,Resource-enemy release hypothesis,,no equivalence,,ME + ED,invasion biology,,,,,,,RERH,ERH,resources and enemy release,Fast growing species with weak defences against enemies benefit experience disproportionate success through the interaction of increased resources and enemy release in the novel range (Blumenthal 2005).,,,RER,Resource-enemy release,"The non-native species is released from its natural enemies and can spend more energy in its reproduction, and invasion success increases with the availability of resources",Blumenthal (2006),Plants,,,,
RI,Reckless invader aka ‘boom-bust’,A population of a non-native species that is highly successful shortly after its introduction can decline or disappear over time due to different reasons (such as competition with other introduced species or adaptation by native species),Simberloff and Gibbons 2004,,RI,Reckless invader aka ‘boom-bust’ hypothesis,,no equivalence,,ME,invasion biology,,,,,,,,,,,,,RI,Reckless invader aka ‘boom-bust’,A population of a non-native species that is highly successful shortly after its introduction can decline or disappear over time due to different reasons (such as competition with other introduced species or adaptation by native species),Simberloff and Gibbons (2004),unspecific,,,,
RO,Reproductive output,Urban dwellers generally have a higher reproductive output than urban visitors also outside of cities. ,Santini et al. 2019,,RO,Reproductive output hypothesis,,no equivalence,,SL,urban ecology,Reproductive output,Ideal urban dweller,RO,Urban dwellers generally have a higher reproductive output than urban visitors also outside of cities. ,Santini et al. 2019,,,,,,,,,,,,,,,,TH: I would not say there is equivalence
RUH,Resilience of urban hybrid systems*,"""Resilience in urban ecosystems is a function of the patterns of human activities and natural habitats that control and are controlled by both socio-economic and biophysical processes operating at various scales"". (p. 242 in Alberti & Marzluff 2004)",Alberti & Marzluff 2004,,RUH,Resilience of urban hybrid systems hypothesis,,no equivalence,,SL,urban ecology,Resilience of urban hybrid systems*,,RUH,"""Resilience in urban ecosystems is a function of the patterns of human activities and natural habitats that control and are controlled by both socio-economic and biophysical processes operating at various scales"". (p. 242 in Alberti & Marzluff 2004)",Alberti & Marzluff 2004,,,,,,,,,,,,"Birds, Macroinvertebrates",Urban,n.a.,n.a.,
SAR,Species-area relationship,Species richness and diversity increase with habitat size.,MacArthur & Wilson 1967,,SAR,Species-area relationship hypothesis,,no equivalence,,SL,urban ecology,Species-area relationship,,SAR,Species richness and diversity increase with habitat size.,MacArthur & Wilson 1967,Application to cities: Davis & Glick 1978; Gaublomme et al. 2008; MacGregor‐Fors et al. 2011,,,,,,,,,,,unspecific,Related field,n.a.,n.a.,
SBE,Street barrier effect,Streets act as dispersal barriers.,Mader 1984,,SBE,Street barrier effect hypothesis,,no equivalence,,SL,urban ecology,Street barrier effect,,SBE,Streets act as dispersal barriers.,Mader 1984,Application to cities: Riley et al. 2014,,,,,,,,,,,Multiple,Related field,n.a.,n.a.,
SCE,Street corridor effect,Streets act as dispersal corridors.,Seabrook & Dettmann 1996; James & Stuart-Smith 2000; Von der Lippe et al. 2013,,SCE,Street corridor effect hypothesis,,no equivalence,,SL,urban ecology,Street corridor effect,,SCE,Streets act as dispersal corridors.,Seabrook & Dettmann 1996; James & Stuart-Smith 2000; Von der Lippe et al. 2013,,,,,,,,,,,,"Amphibians, Mammals, Plants",Related field,n.a.,n.a.,
SDH,Shifting defence hypothesis,"After having been released from natural specialist enemies, non-native species will allocate more energy to cheap (energy-inexpensive) defences against generalist enemies and less energy to expensive defences against specialist enemies (this re-allocation is due to genetic changes); the energy gained in this way will be invested in growth and/or reproduction, which makes the non-native species more competitive",Doorduin and Vrieling 2011,,SDH,Shifting defence hypothesis,,no equivalence,,ME + ED,invasion biology,,,,,,,SDH,ERH,shift defenses,"Under lower pressure by enemies in the invaded range, species can shift defenses against specialist predators to less costly defenses against generalists (Müller-Schärer 2004, Joshi and Vrieling 2005).",,,SDH,Shifting defence hypothesis,"After having been released from natural specialist enemies, non-native species will allocate more energy to cheap (energy-inexpensive) defences against generalist enemies and less energy to expensive defences against specialist enemies (this re-allocation is due to genetic changes); the energy gained in this way will be invested in growth and/or reproduction, which makes the non-native species more competitive",Doorduin and Vrieling (2011),Plants,,,,
SG,Specialist-generalist,Non-native species are more successful in a new region if the local predators are specialists and local mutualists are generalists,Callaway et al. 2004,,SG,Specialist-generalist hypothesis,,no equivalence,,ME + ED,invasion biology,,,,,,,SG,ERH,specialists-generalists,Non-native species are more successful in a new region if the local predators are specialists and local mutualists are generalists (Callaway et al. 2008).,,,SG,Specialist-generalist,Non-native species are more successful in a new region if the local predators are specialists and local mutualists are generalists,Callaway et al. (2004),Plants,,,,
SL,Synanthropy-latitude*,The proportion of synanthropic species in cities increases towards the north.,Klausnitzer 1987,,SL,Synanthropy-latitude hypothesis,,no equivalence,,SL,urban ecology,Synanthropy-latitude*,Synanthropic species,SL,The proportion of synanthropic species in cities increases towards the north.,Klausnitzer 1987,,,,,,,,,,,,Animals,,,,
SMS,Shift toward non-migratory species*,Urbanization favors non-migratory species.,McClure 1989,,SMS,Shift toward non-migratory species hypothesis,,no equivalence,,SL,urban ecology,Shift toward non-migratory species*,,SMS,Urbanization favors non-migratory species.,McClure 1989,,,,,,,,,,,,Birds ,Urban,n.a.,,
SORT,spatial sorting,Mating between individuals with high dispersal ability at the leading edge of invasion may lead to natural selection and novel phenotypes due to spatial sorting.,Shine et al. 2011; Phillips and Perkins 2019,,SORT,Spatial sorting hypothesis,,no equivalence,,ED,invasion biology,,,,,,,SORT,GENS,spatial sorting,"Mating between individuals with high dispersal ability at the leading edge of invasion may lead to natural selection and novel phenotypes due to spatial sorting (Shine et al. 2011, Phillips and Perkins 2019).",,,,,,,Animals,,,,
SP,Sampling,"A large number of different non-native species is more likely to become invasive than a small number due to interspecific competition. Also, the species identity of the locals is more important than the richness in terms of the invasion of an area","Crawley, Brown, Heard, and Edwards 1999",,SP,Sampling hypothesis,,no equivalence,,ME,invasion biology,,,,,,,,,,,,,SP,Sampling,"A large number of different non-native species is more likely to become invasive than a small number due to interspecific competition. Also, the species identity of the locals is more important than the richness in terms of the invasion of an area","Crawley, Brown, Heard, and Edwards (1999)",Plants,,,,
SPILL,spillover,"Introduced species may carry parasites that go on to infect local species (‘spillover') and may also catch and amplify a part of local parasites, then constituting reservoirs for parasite transmission and acting as hosts to ultimately release them into ecosystem (‘spillback').",Daszak et al. 2000; Eppinga et al. 2006; Amsellem et al. 2017,,SPILL,Spillover hypothesis,,no equivalence,,ED,invasion biology,,,,,,,SPILL,NINT,spillover,"Introduced species may carry parasites that go on to infect local species (‘spillover') and may also catch and amplify a part of local parasites, then constituting reservoirs for parasite transmission and acting as hosts to ultimately release them into ecosystem (‘spillback') (Daszak et al. 2000, Eppinga et al. 2006, Amsellem et al. 2017).",,,,,,,Multiple,Urban,n.a.,n.a.,
SRH,Species richness - HPD (human population density)*,Species richness is positively correlated with human population density.,Luck 2007,,SRH,Species richness - HPD (human population density) hypothesis,,no equivalence,,SL,urban ecology,Species richness - HPD (human population density)*,,SRH,Species richness is positively correlated with human population density.,Luck 2007,Application to cities: Kuussaari et al. 2021,,,,,,,,,,,Multiple,,,,
SS,Synanthropic species,The number of synanthropic species increases along the rural-urban gradient.,Klausnitzer 1987 pp 106; Guetté et al. 2017,,SS,Synanthropic species hypothesis,,no equivalence,,SL,urban ecology,Synanthropic species,,SS,The number of synanthropic species increases along the rural-urban gradient.,Klausnitzer 1987 pp 106; Guetté et al. 2017,"Klausnitzer 1987, p. 103: Hemerophile Arten siedeln vorzugsweise in von Menschen gestalteter Landschaft",,,,,,,,,,,Multiple,Related field,n.a.,n.a.,
SUB,Suburban peak*,Species richness is highest in sub-urban areas; it is lower in urban centers and the (rural) periphery.,Blair 2001,,SP,Suburban peak hypothesis,,no equivalence,,SL,urban ecology,Suburban peak*,,SP,Species richness is highest in sub-urban areas; it is lower in urban centers and the (rural) periphery.,Blair 2001,"""Many of the species that were able to invade locally at moderate levels of urbanization also went locally extinct with more intense urbanization."" p. 53 in Blair 2001",,,,,,,,,,,Birds,Urban,n.a.,,
TEN,Tens rule,Approximately 10% of species successfully take consecutive steps of the invasion process,Williamson and Brown 1986,,TEN,Tens rule,http://www.wikidata.org/entity/Q116193431,no equivalence,,ME,invasion biology,,,,,,,,,,,,,TEN,Tens rule,Approximately 10% of species successfully take consecutive steps of the invasion process,Williamson and Brown (1986),Multiple,,,,
TTI,Thermal tolerance increase,Thermal tolerance increases with urbanization.,Diamond et al. 2018,,TTI,Thermal tolerance increase hypothesis,,no equivalence,,SL,urban ecology,Thermal tolerance increase,,TTI,Thermal tolerance increases with urbanization.,Diamond et al. 2018,"Mechanistically, these shifts in thermal tolerance under urbanization reflected both evolutionary change and phenotypic plasticity, as ants from urban areas exhibited higher thermal tolerances compared with ants from rural areas regardless of rearing temperature, and ants reared in the warmer temperature treatment exhibited higher tolerances than ants reared in the cooler temperature treatment. ",,,,,,,,,,,Arthropods,Urban,n.a.,,
UA,Urban avoiders,"Urban avoiders have a reduced ability to adapt, compete and/or reproduce in cities. ",Blair 1996,,UA,Urban avoiders hypothesis,,no equivalence,,SL,urban ecology,Urban avoiders,,UA,"Urban avoiders have a reduced ability to adapt, compete and/or reproduce in cities. ",Blair 1996,,,,,,,,,,,,Birds,Urban,n.a.,,
UBH,Urban biotic homogenization,Species composition of different cities will become more and more similar as urbanization increases.,Blair 2001; McKinney 2006; Groffman et al. 2014,,UBH,Urban biotic homogenization hypothesis,,no equivalence,,SL,urban ecology,Urban biotic homogenization,,UBH,Species composition of different cities will become more and more similar as urbanization increases.,Blair 2001;  McKinney 2006; Groffman et al. 2014,"""urbanization leads to the local extinction of species and invasion by other species and, consequently, creates more homogeneous faunal communities"" p. 34 in Blair 2001",,,,,,,,,,,Multiple,Urbanized,McKinney 2006,,
UCH,Urban core herbivore decline*,The abundance of alien Plants in the urban core tends to reduce the richness and abundance of native herbivore insects incapable of using non-native Plants.,Raupp et al. 2010,,UCH,Urban core herbivore decline hypothesis,,no equivalence,,SL,urban ecology,Urban core herbivore decline*,,UCH,The abundance of alien Plants in the urban core tends to reduce the richness and abundance of native herbivore insects incapable of using non-native Plants.,Raupp et al. 2010,"﻿""In general, the proportion of alien Plants in a landscape increases with increasing levels of urbanization, which may negatively affect the diversity and abundance of herbivores in urban settings"" Raupp et al. 2010 (p23)",,,,,,,,,,,Arthropods,Urbanized,"Tallamy 2004, Burghardt et al. 2009","""Together, these assumptions predict that alien Plants will support a smaller load of specialist insect herbivores than will native congeners and a smaller load of general- ists than will native Plants in general."" Tallamy 2004 (p1690);  ""landscapes dominated by non-native Plants, whether unwanted invasives or desirable ornamentals, are unlikely to support the same diversity and biomass of insect herbivores as landscapes dominated by native host Plants."" Burghardt et al. 2009 (p220)",
UDD,Urban density-diversity paradox* ,"Diversity typically increases as the number of individuals increase in biological communities. Urban environments, however, tend to be characterized by lower biodiversity than wildlands despite high population densities. ",Shochat et al. 2010; Saari et al. 2016,,UDD,Urban density-diversity paradox,,no equivalence,,SL,urban ecology,Urban density-diversity paradox* ,,UDD,"Diversity typically increases as the number of individuals increase in biological communities. Urban environments, however, tend to be characterized by lower biodiversity than wildlands despite high population densities. ",Shochat et al. 2010; Saari et al. 2016,,,,,,,,,,,,Multiple,Urban,n.a.,n.a.,
UEC,Urban ecosystem convergence,All ecosystems types respond to urban land use in a convergent manner (in other words: urban ecosystems are convergent regardless of the original ecosystem they replaced).,Pouyat et al. 2003,,UEC,Urban ecosystem convergence hypothesis,,no equivalence,,SL,urban ecology,Urban ecosystem convergence,,UEC,All ecosystems types respond to urban land use in a convergent manner (in other words: urban ecosystems are convergent regardless of the original ecosystem they replaced).,Pouyat et al. 2003,"""We suggest an 'urban ecosystem convergence hypothesis', where urbanization drives ecosystem structure and function (e.g., SOC pools, leaf area index), toward a range of similar endpoints over time regardless of ecosystem life zone starting points"" Pouyat et al. 2003, P.358",,,,,,,,,,,n.a.,Urban,n.a.,,
UEE,Urban eco-evolutionary mechanisms*,"Through urbanization, humans mediate the interactions and feedback between evolution and ecology in subtle ways by introducing changes in habitat, biotic interactions, heterogeneity, novel disturbance, and social interactions. (p. 116 in Alberti 2015) ",Alberti 2015,,UEE,Urban eco-evolutionary mechanisms hypothesis,,no equivalence,,SL,urban ecology,Urban eco-evolutionary mechanisms*,,UEE,"""Through urbanization, humans mediate the interactions and feedback between evolution and ecology in subtle ways by introducing changes in habitat, biotic interactions, heterogeneity, novel disturbance, and social interactions."" (p. 116 in Alberti 2015) ",Alberti 2015,,,,,,,,,,,,unspecific,Urban,n.a.,n.a.,
UEF,Urbanization ecosystem functioning*,Urbanization leads to a reduction in ecosystem functions and services.,Grimm et al. 2008,,UEF,Urbanization ecosystem functioning hypothesis,,no equivalence,,SL,urban ecology,Urbanization ecosystem functioning*,,UEF,Urbanization leads to a reduction in ecosystem functions and services.,Grimm et al. 2008,,,,,,,,,,,,n.a.,Urban,n.a.,n.a.,
UEI,"""Urban effect"" on invasion","The number of non-native species moving through each invasion stage (transport, introduction, esttablishment, spread) is higher in urban areas than in natural environments.",Potgieter & Cadotte 2020,,UEI,"""Urban effect"" on invasion hypothesis",,no equivalence,,SL,urban ecology,"""Urban effect"" on invasion",,UEI,"The number of non-native species moving through each invasion stage (transport, introduction, esttablishment, spread) is higher in urban areas than in natural environments.",Potgieter & Cadotte 2020,"In urban areas, the relative effectiveness of the barriers to invasion is diminished (to varying degrees) allowing a greater proportion of species to move through each subsequent invasion stage, i.e. “the urban effect” on invasion.",,,,,,,,,,,Plants,Urban,n.a.,n.a.,
UF,Urban fragmentation,Urbanization leads to a loss of genetic variation within and increased differentiation between populations,Miles et al. 2019,,UF,Urban fragmentation hypothesis,,no equivalence,,SL,urban ecology,Urban fragmentation,,UF,Urbanization leads to a loss of genetic variation within and increased differentiation between populations,Miles et al. 2019,"""Urbanization‐driven habitat fragmentation is expected to increase genetic drift within populations and reduce gene flow between populations. Consequently, urban habitat fragmentation is predicted to reduce genetic diversity within populations and increase genetic differentiation among populations under a standard neutral model"" Miles et al. 2019",,,,,,,,,,,Multiple,Urbanized,Debinski & Holt 2000,,
UHA,Urban habitat analogues*,Native species can switch to urban habitats.,Rikli 1903; Linkola 1916; Thellung 1919; Lundholm & Richardson 2010,,UHA,Urban habitat analogues hypothesis,,no equivalence,,SL,urban ecology,Urban habitat analogues*,,UHA,Native species can switch to urban habitats.,Rikli 1903; Linkola 1916; Thellung 1919; Lundholm & Richardson 2010,,,,,,,,,,,,"Plants, Multiple",Urbanized,Thellung 1919; Lundholm & Richardson 2010 ,"Work on apophytism (in Plants, e.g. Thellung 1919) or synantropy (in animals); Lundholm & Richardson 2010 state the same for industrial environments ",
UHS,Urban biodiversity hot spots*,Cities are often located in areas of high biodiversity and urbanization is disproportionally higher in areas with high biodiversity.,Kühn et al. 2004; Luck 2007; Ives et al. 2016,,UHS,Urban biodiversity hot spots hypothesis,,no equivalence,,SL,urban ecology,Urban biodiversity hot spots*,,UHS,Cities are often located in areas of high biodiversity and urbanization is disproportionally higher in areas with high biodiversity.,Kühn et al. 2004; Luck 2007; Ives et al. 2016,"This hypothesis explicitly embraces the concept of biodiversity hot spots, which refers to biodiverse areas that are threatened by human intervention (and thus ""hot spots"" of biodiversity, see https://www.conservation.org/priorities/biodiversity-hotspots)",,,,,,,,,,,Multiple,Urban,n.a.,n.a.,
UMR,Urban mesopredator release*,"""The abundance of large-bodied predators will decline with urbanization, whereas the abundance of mesopredators will increase."" (p. 816 in Fischer et al. 2012)",Crooks & Soulé 1999; Fischer et al. 2012,,UMR,Urban mesopredator release hypothesis,,no equivalence,,SL,urban ecology,Urban mesopredator release*,,UMR,"""The abundance of large-bodied predators will decline with urbanization, whereas the abundance of mesopredators will increase."" (p. 816 in Fischer et al. 2012)",Crooks & Soulé 1999; Fischer et al. 2012,"Similar (but not under the name of  'mesopredator release'): ""In the background desert, bottom-up or resource-based forces dominate the food web, but in the urbanized region, top-down or predatory forces combine with bottom-up forces to control trophic
dynamics."" (p. 403, Fig. 3, Faeth et al. 2005)",,,,,,,,,,,Mammals,Urbanized,Soulé et al. 1988; Prugh et al. 2009,"""In the absence of large, dominant predators, smaller omnivores and predators undergo population explosions, sometimes becoming four to 10 times more abundant than normal"" (p. 83 in Soulé et al. 1988)",
URCLM,urban climate, Urban adapted species may be more likely to become invasive because they may be better adapted to future environments because of urban climate conditions (Borden and Flory 2021),Borden and Flory 2021,,URCLM ,Urban climate hypothesis,,no equivalence,,ED,invasion biology,,,,,,,URCLM ,AIAI ,urban climate, Urban adapted species may be more likely to become invasive because they may be better adapted to future environments because of urban climate conditions (Borden and Flory 2021),,,,,,,Multiple,Urbanized,,,
URCM,Urban competition,"Urban competition may increase competitiveness of urban adapted species, which may facilitate their success as invaders (Borden and Flory 2021).",Borden and Flory 2021,,URCM,Urban competition hypothesis,,no equivalence,,ED,invasion biology,,,,,,,URCM,AIAI,Urban competition,"Urban competition may increase competitiveness of urban adapted species, which may facilitate their success as invaders (Borden and Flory 2021).",,,,,,,Multiple,,,,
USI,Urban ecosystems as source of innovation*,"""The hybrid nature of urban ecosystems – resulting from co-evolving human and natural systems – is a source of ‘innovation’ in eco-evolutionary processes. "" (p. 117 in Alberti 2015)",Alberti 2015,,USI,Urban ecosystems as source of innovation hypothesis,,no equivalence,,SL,urban ecology,Urban ecosystems as source of innovation*,,USI,"""The hybrid nature of urban ecosystems – resulting from co-evolving human and natural systems – is a source of ‘innovation’ in eco-evolutionary processes. "" (p. 117 in Alberti 2015)",Alberti 2015,,,,,,,,,,,,unspecific,Urban,n.a.,n.a.,
UST,Urban sexual traits*,"In urban environments, species show shifts in several traits related to sexual selection (particularly in their coloration, acoustic signals including songs and calls, hormones, pheromones, mating behaviour).",Sepp et al. 2020,,UST,Urban sexual traits hypothesis,,no equivalence,,SL,urban ecology,Urban sexual traits*,,UST,"In urban environments, species show shifts in several traits related to sexual selection (particularly in their coloration, acoustic signals including songs and calls, hormones, pheromones, mating behaviour).",Sepp et al. 2020,"e.g., colouration: forest great tits with wider black ties survive better, but the reverse was found for urban birds (Senar et al. 2014)",,,,,,,,,,,Multiple,Urban,n.a.,,
UT,Urbanization tolerance,Biodiversity loss in cities is largely associated with a low tolerance of species to urbanization.,Sol et al. 2014,,UT,Urbanization tolerance hypothesis,,no equivalence,,SL,urban ecology,Urbanization tolerance,,UT,Biodiversity loss in cities is largely associated with a low tolerance of species to urbanization.,Sol et al. 2014,,,,,,,,,,,,Birds,Urban,n.a.,n.a.,
XE,Xerophility,The abundance of xerophilous species is increasing with urbanization. ,Horvath et al. 2012; McGlynn et al. 2019,,XE,Xerophility hypothesis,,no equivalence,,SL,urban ecology,Xerophility,Ideal urban dweller,XE,The abundance of xerophilous species is increasing with urbanization. ,"Horvath et al. 2012, McGlynn et al. 2019",,,,,,,,,,,,Arthropods,,,,