Acronym,Hypothesis,Definition,Origin,Behavioral traits,Phenological traits,Life history traits,"Other Species traits, e.g. morphological, physiological",Trait evolution = Evolution,Niche shift,Abundance / density,Community composition,Grouping : Species interactions,Enemies,Mutualism,Competition,Phylogenetic distance,Functional novelty,Habitat quality,Ecosystem functioning and services,Grouping : Abiotic,Artificial light,Noise,Climatic changes (e.g. heat island),Pollution,Nutrients,"Fragmentation, habitat loss and isolation",Altered hydrological regimes,Novel organisms,"Novel community composition and structure (other than addition of novel organisms, e.g. change in predators)",Human presence & intervention = human interference = propagule pressure + other human actions,Propagule pressure,in general,Habitat modification,Resources,Other ecosystem properties,in general ,Cities are ecosystems,Cities are spatially heterogeneous,Cities are dynamic,Human and natural processes interact in cities,Ecological processes are still at work and are important in cities,Which species are more successful in cities than other species?,Does urbanization accelerate temporal processes?,What determines urban biodiversity patterns (defined in a broad sense)?,What determines the impact(s) of nonnative species?,What are the impacts of nonnative species?,Which taxa are impactful invaders?,What determines the invasibility of ecosystems?,What determines the invasion success of nonnative species?,What are the introduction pathways of nonnative species?,What determines a successful introduction of nonnative species?,How can we successfully control invasive species?,How can we mitigate the impact of invasive species?,Climate change biology,Community and population ecology,Behavioral ecology,Biogeography,Evolutionary biology,Restoration or conservation ecology,Genetics,,Comments RV,General comments attributes
AA,Acoustic adaptation*,Animals that communicate acoustically adapt their vocalisations to the local conditions to optimise signal transmission.,SL,1,0,0,1,1,0,0,0,0,0,0,0,0,0,0,0,1,0,1,0,0,0,0,0,0,0,0,0,0,0,0,0,0,0,0,0,1,1,0,0,0,0,0,0,0,0,0,0,0,0,0,0,1,0,1,0,0,,,
ADP,Adaptation,The invasion success of non-native species depends on the adaptation to the conditions in the exotic range before and/or after the introduction. Non-native species that are related to native species are more successful in this adaptation,ME + ED,0,0,0,0,0,0,0,1,1B,B,B,B,A,A,0,0,0,0,0,0,0,0,0,0,0,0,1B,B,0,B,B,C,0,,,,,,0,0,0,0,0,0,0,1,0,0,0,0,0,1,0,0,0,0,0,,,
AIAI,Anthropogenically induced adaptation to invade, Anthropogenically induced adaptation to invade can facilitate invasion and invasiveness of an organism or population.,ED,1,1,1,1,1,0,0,0,0,0,0,0,0,0,0,0,0,0,0,0,0,0,0,0,0,0,1,0,0,1,0,0,0,,,,,,0,0,1,0,0,0,0,1,0,0,0,0,0,0,0,0,1,0,1,,,
ALLEE,allee effect,"The Allee effect, a positive association between fitness and population size, can cause a lag between introduction of non-native species and establishment in abundant populations.",ED,0,0,0,1,0,0,1,0,0,0,0,0,0,0,0,0,0,0,0,0,0,0,0,0,0,0,0,0,0,0,0,0,0,,,,,,0,0,0,0,0,0,0,1,0,0,0,0,0,0,0,0,1,0,0,,,
ANHO,Adaptation to homogenized anthropogenic environments, Adaptation to homogenized anthropogenic environments can serve as a form of preadaptation of the organism to homogenous human-altered habitats globally (Hufbauer et al. 2012).,ED,1,0,1,1,1,0,0,0,0,0,0,0,0,0,1,0,0,0,0,0,0,0,0,0,0,0,1,0,0,1,0,0,0,,,,,,1,0,0,0,0,0,0,1,0,0,0,0,0,0,0,0,1,0,0,,,TH: yellow cells seem ok to me; but maybe '1' also for phenology?
ANOP,opportunity for anthropogenic transport, Species associated with humans are more likely to become invasive because of their increased opportunity for anthropogenic transport (Hufbauer et al. 2012). See also HCOM.,ED,0,0,0,0,0,0,0,0,1,0,0,0,0,0,0,0,0,0,0,0,0,0,0,0,0,0,1,1,0,0,0,0,0,,,,,,1,0,1,0,0,0,1,0,1,0,0,0,0,0,0,1,0,1,0,,,"TH: would vote for '0' in the first yellow cell, the others seem ok to me"
ANTR,anthropogenic transportation,"The increasing global abundance of invasive species is related to anthropogenic transportation through inter- and intra-continental exchanges (Perrings et al. 2005, Seebens et al. 2017).",ED,0,0,0,0,0,0,1,0,0,0,0,0,0,0,0,0,0,0,0,0,0,0,0,0,0,0,1,1,0,0,0,0,0,,,,,,0,0,0,0,0,0,0,0,1,0,0,0,0,0,0,1,0,1,0,,,TH: I would keep the '1' in the yellow cell
BA,Biotic acceptance aka ‘the rich get richer’,Ecosystems tend to accommodate the establishment and coexistence of non-native species despite the presence and abundance of native species,ME + ED,0,0,0,0,0,0,0,1,1B,B,B,B,C,C,0,0,0,0,0,0,0,0,0,0,0,0,0,C,0,A,B,A,0,,,,,,0,0,0,0,0,0,1,0,0,0,0,0,0,1,0,0,0,0,0,,,
BC,Biodiverse cities*,Cities can sustain and promote biodiversity. ,SL,0,0,0,0,0,0,1,0,0,0,0,0,0,0,0,1,0,0,0,0,0,0,0,0,0,1,0,0,0,0,0,0,0,0,0,0,0,0,0,0,1,0,0,0,0,0,0,0,0,0,0,0,0,1,0,1,0,,pink cell: presence of non-native species ,
BEHAV,behaviourally constrained,"Invasion may be inhibited when non-native species are behaviourally constrained and require adaptations before recognizing and readily consuming, evading, or outcompeting an introduced population (Lankau et al. 2004).",ED,1,0,0,0,1,0,0,0,0,0,0,0,0,0,0,0,0,0,0,0,0,0,0,0,0,0,0,0,0,0,0,0,0,,,,,,0,0,0,0,0,0,0,1,0,0,0,0,0,0,1,0,0,0,0,,,
BF,Behavioral flexibility,Urban dwellers are characterized by a higher behavioral flexibility than urban avoiders.,SL,1,0,1,0,1,0,0,0,0,0,0,0,0,0,0,0,0,0,0,0,0,0,0,0,0,0,0,0,0,0,0,0,0,,,,,,1,0,1,0,0,0,0,1,0,0,0,0,0,0,1,0,1,0,0,,,
BID,Biotic indirect effects,Non-native species benefit from different indirect effects triggered by native species,ME + ED,0,0,0,0,0,0,0,0,1,A,A,A,C,C,0,0,0,0,0,0,0,0,0,0,0,0,1B,B,0,B,B,B,0,,,,,,0,0,0,0,0,0,0,1,0,0,0,0,0,1,0,0,0,0,0,,,
BIOME,Biomes,Biomes differ in their inherent invasibility because of biotic and abiotic differences (Hui and Richardson 2017).,ED,0,0,0,0,0,0,0,0,0,0,0,0,0,0,1,0,0,0,0,0,0,0,0,0,0,0,0,0,0,0,1,1,0,,,,,,0,0,0,0,0,0,1,0,0,0,0,0,0,0,0,1,0,0,0,,,
BR,Biotic resistance aka diversity-invasibility hypothesis,An ecosystem with high biodiversity is more resistant against non-native species than an ecosystem with lower biodiversity,ME + ED,0,0,0,0,0,0,0,0,1,A,C,A,C,C,1,1,0,0,0,0,0,0,0,0,0,0,0,C,0,C,C,C,0,,,,,,0,0,1,0,0,0,1,0,0,0,0,0,0,0,0,1,0,1,0,,"pink cell: ""because more niches are already filled"" (Daly's definition) ",TH: The yellow cells could stay as they are in my opinion; Pink cell: I rather vote for keeping the 'c'
BW,Biodiversity-wealth*,The socioeconomic status of urban residents is positively related to the biodiversity in their neighbourhoods.,SL,0,0,0,0,0,0,0,1,0,0,0,0,0,0,1,0,0,0,0,0,0,0,0,0,0,0,1,0,0,0,0,0,0,0,1,0,1,0,0,0,1,0,0,0,0,0,0,0,0,0,0,1,0,0,0,1,0,,,
CC,Credit card,"Low variability in resource abundance and reduced predation allow higher population densities in urban areas through the persistence of many weak competitors who remain in poor body condition, who are less reproductively successful, and who would not otherwise survive.",SL,0,0,0,0,0,0,1,0,0,0,0,0,0,0,0,0,1,0,0,0,0,1,0,0,0,1,0,0,0,0,1,0,0,1,0,0,0,1,0,0,1,0,0,0,0,0,0,0,0,0,0,1,0,0,0,0,1,,pink cell: highly predictable environment managed by humans,
CCP,C-competitor Plants* ,C-competitor Plants are being selected in urban landscapes.,SL,0,0,0,0,1,0,0,1,1,0,0,1,0,0,0,0,0,0,0,0,0,0,0,0,0,0,0,0,0,0,1,1,0,,,,,,1,0,1,0,0,0,0,1,0,0,0,0,0,1,0,0,0,0,0,,,
CEP,Cities as entry points,Cities are entry points for introduced non-native species.,SL,0,0,0,0,0,0,0,1,0,0,0,0,0,0,0,0,0,0,0,0,0,0,0,0,0,0,1,1,1,0,0,0,0,0,0,1,1,0,0,1,1,0,0,0,0,0,1,0,0,0,0,0,0,1,0,1,0,,,
CLIM,Climate change,Climate change facilitates invasion of non-native species adapted to the new environmental conditions and exacerbate their impacts. ,ED,0,0,0,0,1,0,0,0,0,0,0,0,0,0,1,0,1,0,0,1,0,0,0,0,0,0,0,0,0,0,0,0,0,,,,,,0,0,0,0,0,0,0,1,0,0,0,0,1,0,0,0,0,0,0,,,
CP,Colonization pressure,"Colonization pressure is defined as the number of species introduced to a given location. As colonization pressure increases, the number of established or invasive non-native species in that location is predicted to increase",ME + ED,0,0,0,0,0,0,1,1,0,0,0,0,0,0,0,0,0,0,0,0,0,0,0,0,0,0,1,1,0,0,0,0,0,,,,,,1,1,1,0,0,0,1,0,0,0,0,0,0,0,0,0,0,1,0,,,
DEM,Dynamic equilibrium model,"The establishment of a non-native species depends on natural fluctuations of the ecosystem, which influence the level of competition from local species",ME + ED,0,0,0,0,0,1,0,0,1,C,C,A,C,C,0,0,0,0,0,0,0,0,0,0,0,0,1B,B,0,B,B,A,0,,,,,,0,0,0,0,0,0,1,1,0,0,0,0,0,0,0,0,0,0,0,,,
DIST,Disturbance,The invasion success of non-native species is higher in highly disturbed than in relatively undisturbed ecosystems,ME + ED,0,0,0,0,B,0,0,1,1,A,A,A,A,A,0,0,0,0,0,0,0,0,0,0,0,0,0,C,0,C,C,C,0,,,,,,0,0,0,0,0,0,1,1,0,0,0,0,0,1,0,0,0,0,0,,pink cell: niches are not occupied,
DN,Darwin’s naturalization,The invasion success of non-native species is higher in areas that are poor in closely related species than in areas that are rich in closely related species,ME + ED,0,0,0,0,0,0,0,1,0,0,0,0,0,0,1,0,1,0,0,0,0,0,1,0,0,0,0,0,0,0,0,0,0,0,1,0,0,1,0,0,1,0,0,0,0,0,0,0,0,0,0,1,0,1,0,0,0,,,
DP,Decay paradigm,Species richness declines within patches of remnant native habitat isolated within an urban matrix; habitat-dependent (such as ‘forest interior’) species are expected to suffer a progressive series of local extinctions over time.,SL,0,0,0,0,0,0,0,0,0,C,C,C,C,C,1,0,0,0,0,0,0,0,0,0,0,0,1B,B,0,A,A,A,0,,,,,,1,0,1,0,0,0,1,1,0,0,0,0,0,0,0,0,0,0,0,,,
DS,Matrix species,Urban habitat remnants are more sensitive to the penetration of matrix species than less disturbed suburban or rural remnants.,SL,0,0,0,0,0,0,0,1,0,0,0,0,0,0,1,0,1,0,0,0,0,0,1,0,0,1,0,0,1,0,0,0,0,0,1,0,0,1,0,0,1,0,0,0,1,0,0,0,0,0,0,1,0,1,0,0,0,,,
EA,Epigenetic adaptation*,Epigenetic mechanisms can explain why some organisms are more successful in urban than non-urban areas.,SL,0,0,1,0,1,0,0,0,0,0,0,0,0,0,0,0,0,0,0,0,0,0,0,0,0,0,0,0,1,0,0,0,0,0,0,0,0,1,1,1,0,0,0,0,0,0,0,0,0,0,0,0,0,0,1,0,1,,,
EAU,Exotic richness increases with age of urbanization,﻿The diversity of exotic species will increase with the age of an urbanized area.,SL,0,0,0,0,0,0,0,1,0,0,0,0,0,0,1,0,0,0,0,0,0,0,0,0,0,0,0,0,0,0,0,1,0,,,,,,0,0,1,0,0,0,1,1,0,0,0,0,0,1,0,0,0,0,0,,,TH: the yellow cells are ok in my opinion
EE,Enemy of my enemy,Introduced enemies of a non-native species are less harmful to the non-native than to the native species,ME,0,0,0,0,0,1,0,0,1,A,C,A,C,C,0,0,0,0,0,0,0,0,0,0,1,1,1B,B,0,C,C,C,0,,,,,,0,0,0,1,1,0,0,1,0,0,0,0,0,0,0,0,0,0,0,,,
EF,Environmental filter,Urban habitats filter communities as a function of their traits.,SL,0,0,0,0,0,0,0,1,0,0,0,0,0,0,0,0,0,0,0,0,0,0,0,0,0,0,0,0,1,0,0,0,0,0,0,0,0,1,0,0,1,0,0,0,0,0,0,0,0,0,0,1,0,0,0,0,0,,,
EI,Enemy inversion,"Introduced enemies of non-native species are less harmful for them in the exotic than the native range, due to altered biotic and abiotic conditions",ME + ED,0,0,0,0,0,0,0,0,1B,B,B,B,C,C,1,0,0,0,0,0,0,0,0,0,0,0,0,C,0,B,B,B,0,,,,,,0,0,0,1,0,0,0,1,0,0,0,0,0,0,0,1,0,0,0,,pink cells (from B to A): interactions between the non-native species and its enemies,
EICA,Evolution of increased competitive ability,"After having been released from natural enemies, non-native species will allocate more energy in growth and/or reproduction (this re-allocation is due to genetic changes), which makes them more competitive",ME + ED,0,0,1,1,A,1,0,0,1,A,C,A,B,B,0,0,0,0,0,0,0,0,0,0,0,1,0,C,0,C,C,C,0,,,,,,0,0,0,0,0,0,0,1,0,0,0,0,0,0,0,0,1,0,1,,,
EIM,Ecological imbalance,Invasion patterns are a function of the evolutionary characteristics of both the recipient region and potential donor regions. Species from regions with highly diverse evolutionary lineages are more likely to become successful invaders in less diverse regions,ME + ED,0,0,0,0,1,0,0,1,1,0,0,1,0,0,0,0,0,0,0,0,0,0,0,0,0,0,0,0,0,0,0,1,0,,,,,,0,0,0,0,0,0,1,1,0,0,0,0,0,1,0,0,1,0,0,,,
EINV,ecosystem invasibility,"The successful integration of non-native organisms in a new area depends on the characteristics, or ecosystem invasibility, of the recipient environment.",ED,0,0,0,0,0,0,0,0,0,0,0,0,0,0,1,0,0,0,0,0,0,0,0,0,0,0,0,0,0,0,1,1,0,,,,,,0,0,1,0,0,0,0,1,0,1,0,0,0,0,0,0,0,0,0,,,
EMH,enhanced mutualisms,"Introduced species can benefit from novel or enhanced mutualisms with native species, which can increase their performance relative to native populations (Reinhart and Callaway 2006). See also host-jumping and new associations hypothesis (Hui and Richardson 2017).",ED,0,0,0,0,0,1,0,0,1,0,1,0,0,1,0,0,0,0,0,0,0,0,0,0,0,1,0,0,0,0,0,0,0,,,,,,0,0,0,0,0,0,0,1,0,0,0,0,0,1,1,0,0,0,0,,,
EN,Empty niche,The invasion success of non-native species increases with the availability of empty niches in the exotic range,ME + ED,0,0,0,0,0,0,0,1,0,C,C,C,C,C,0,0,0,0,0,0,0,0,0,0,0,0,1B,B,0,A,B,A,0,,,,,,0,0,0,0,0,0,1,1,0,0,0,0,0,1,0,0,0,0,0,,"pink cells (Phylogenetic distance and Functional novelty), from C to A: empty niches if native species functionally and phylogenetically different, pink cell (Resources), from B to A: empty niches if non-native species takes resources different from native species","TH: I can understand the suggestion for changing the attributes and they make sense - on the other hand I also understand the previous one because the links are not obvious from the definition - to be discussed, I would say"
ENA,Ecological naivety aka evolutionary naivety aka eco-evolutionary naivety,"The impact of a non-native species on biodiversity is influenced by the evolutionary experience of the invaded community. Thus, the largest impacts are caused by species (e.g., predators, herbivores, pathogens) invading systems where no phylogenetically or functionally similar species exist",ME + ED,0,0,0,0,1,0,0,1,1,1,0,1,1,1,0,0,0,0,0,0,0,0,0,0,0,1,0,0,0,0,1,1,0,,,,,,0,0,0,1,0,0,1,1,0,0,0,0,0,1,0,0,0,0,0,,,
ENICHE,empty niche as ecological fitting,Specialized interactions in ecological networks may leave niche space unoccupied by inhibiting co-evolution. The empty niches can be exploited by non-native species through ecological fitting.,ED,0,0,0,0,0,0,0,0,1,1,1,0,0,0,0,0,0,0,0,0,0,0,0,0,0,1,0,0,0,0,0,0,0,,,,,,0,0,0,0,0,0,1,0,0,0,0,0,0,1,1,0,1,0,0,,,
EP,Earlier phenology,Seasonal life cycles tend to start earlier in the urban core than in rural surroundings. ,SL,0,1,0,0,1,1,0,0,0,0,0,0,0,0,0,0,1,0,0,1,0,0,0,0,0,0,0,0,0,0,0,0,0,0,0,0,0,0,0,1,1,0,0,0,0,0,0,0,0,0,1,1,0,0,0,0,0,,,
ER,Enemy release,The absence of enemies in the exotic range is a cause of invasion success,SL + ME + ED,0,0,0,0,0,0,1,0,1,A,C,C,B,B,0,0,0,0,0,0,0,0,0,0,0,1,0,C,0,C,C,C,0,0,0,0,0,1,1,0,1,0,0,0,1,1,0,0,0,0,0,0,0,0,0,0,0,,,
ERD,Enemy reduction,The partial release of enemies in the exotic range is a cause of invasion success,ME + ED,0,0,0,0,0,0,1,0,1,A,C,C,B,B,0,0,0,0,0,0,0,0,0,0,0,1,0,C,0,C,C,C,0,0,0,0,0,1,1,0,1,0,0,0,1,1,0,0,0,0,0,0,0,0,0,0,0,,,
ERH,Enemy release hypothesis in urban core 2: herbivore perspective,"In the absence of their native enemies in the urban core, alien herbivore insects introduced along alien Plants are prone to outbreaks.",SL,0,0,0,0,0,0,1,0,1,1,0,0,0,0,0,0,0,0,0,0,0,0,0,0,0,1,0,0,0,0,0,0,0,0,0,0,0,1,1,0,1,0,0,0,1,1,0,0,0,0,0,0,0,0,0,0,0,,,
ERP,Enemy release hypothesis in urban core 1: plant perspective,﻿Decreased regulation by herbivores and other enemies in the city allow exotic Plants to increase in distribution and abundance.,SL,0,0,0,0,0,0,1,0,1,1,0,0,0,0,0,0,0,0,0,0,0,0,0,0,0,1,0,0,0,0,0,0,0,0,0,0,0,1,1,0,1,0,0,0,1,1,0,0,0,0,0,0,0,0,0,0,0,,,
ET,Ecological trap,"Habitats preferred over other, higher quality habitats can be low in quality for reproduction or survival and may not sustain a population.",SL,1,0,0,0,0,0,1,0,0,0,0,0,0,0,1,0,0,0,0,0,0,0,0,0,0,0,1,0,0,0,0,0,0,0,0,0,1,1,1,0,1,0,0,0,0,0,0,0,0,0,0,1,1,0,0,0,0,,,
EVH,Environmental heterogeneity,The invasion success of non-native species is high if the exotic range has a highly heterogeneous environment,ME + ED,0,0,0,0,0,0,0,0,1B,B,B,B,C,C,1,0,1,0,0,0,0,0,1,0,0,0,1B,B,0,B,B,B,0,,,,,,0,0,1,0,0,0,1,1,0,0,0,0,0,0,0,0,0,0,0,,pink cell (from B to A): a heterogeneous environment presents different habitats and therefore different resources,"TH: not sure about the pink cell, since the definition itself does not talk about resources
MBV: I agree with tina: habitat heterogeneity is not necessarily about resources"
FLUC,Fluctuating resources,"Fluctuating resources affect ecosystem invasibility, with unused resources facilitating invasion (Davis et al. 2000).",ED,0,0,0,0,0,0,0,0,1,0,0,1,0,0,1,0,0,0,0,0,0,0,0,0,0,0,0,0,0,0,1,1,0,,,,,,0,0,0,0,0,0,1,1,0,0,0,0,0,0,0,0,0,0,0,,,
FWR,Food-web reshaping*,"Urban food webs largely lack weak interactions, but the partly disassembled food webs retain a greater density of species interactions (e.g. greater connectance).",SL,0,0,0,0,0,0,0,1,1,1,0,0,0,0,0,0,0,0,0,0,0,0,0,0,0,1,0,0,1,0,0,0,0,1,0,0,0,1,0,0,0,0,0,0,0,0,0,0,0,0,0,1,0,0,0,0,0,,,
GBOT,genetic bottleneck,Small founding populations can cause a genetic bottleneck of incipient invasion leading to high inbreeding levels in introduced populations.,ED,0,0,0,0,1,0,1,0,0,0,0,0,0,0,0,0,0,0,0,0,0,0,0,0,0,0,0,0,0,0,0,0,0,,,,,,0,0,0,0,0,0,0,1,0,0,0,0,0,0,0,0,0,0,1,,,
GC,Global competition,A large number of different non-native species is more successful than a small number,ME,0,0,0,0,0,0,0,1,1,0,B,A,C,C,0,0,0,0,0,0,0,0,0,0,0,0,1,A,0,C,C,C,0,,,,,,0,0,0,0,0,0,0,1,0,0,0,0,0,1,0,0,0,0,0,,,
GENS,Genetic shifts,Genetic shifts take place in the novel range that facilitate invasion of non-native species.,ED,0,0,0,0,1,0,0,0,0,0,0,0,0,0,0,0,0,0,0,0,0,0,0,0,0,0,0,0,0,0,0,0,0,,,,,,0,0,0,0,0,0,0,1,0,0,0,0,0,0,0,0,1,0,1,,,
GR,Green roofs,Green roofs promote urban biodiversity.,SL,0,0,0,0,0,0,1,0,0,0,0,0,0,0,1,0,1,0,0,0,0,0,1,0,0,0,1,0,0,0,0,0,0,1,1,0,1,1,0,0,1,0,0,0,0,0,0,0,0,0,0,0,0,0,0,1,0,,,
GS,Genetic signatures*,"""Genetic signatures of urban eco-evolutionary feedback can be detected across Multiple taxa and ecosystem functions."" (p. 116 in Alberti 2015)",SL,0,0,0,0,1,0,0,0,0,0,0,0,0,0,0,0,0,0,0,0,0,0,0,0,0,0,0,0,1,0,0,0,0,1,0,1,0,1,0,0,0,0,0,0,0,0,0,0,0,0,0,0,0,0,1,0,0,,,
GVS,Generalists vs. specialists*,Species richness in urban habitats is low in specialists but high in generalists.,SL,0,0,0,0,0,0,0,1,0,0,0,0,0,0,0,1,0,0,0,0,0,0,0,0,0,0,0,0,1,0,0,0,0,0,0,0,0,0,1,0,1,0,0,0,0,0,0,0,0,0,0,1,0,0,0,1,0,,pink cell: proportion of specialists and generalists,
HAF,Hyperabundance due to anthropogenic food* (aka predator subsidy consumption aka prey hyperabundance),An increase in the proportion of anthropogenic food with urbanization leads to an increase in the abundance of prey as well as mid-sized animals (e.g. mesopredators). ,SL,1,0,0,0,0,1,0,0,0,0,0,0,0,0,1,0,1,0,0,0,0,1,0,0,0,0,1,0,0,0,0,0,0,0,0,0,1,0,0,0,1,0,0,0,0,0,0,0,0,0,0,1,1,0,0,0,0,,,
HC,Human commensalism,Species that live in close proximity to humans are more successful in invading new areas than other species.,SL + ME + ED,1,0,0,0,0,0,1,0,0,C,C,C,C,C,0,0,0,0,0,0,0,0,0,0,0,0,1,A,0,A,A,A,0,0,0,0,1,0,1,0,0,0,0,0,0,1,0,0,0,0,0,0,0,0,0,0,0,,,
HD,Habitat diversity,Biodiversity in urban areas is high due to habitat diversity.,SL,0,0,0,0,0,0,0,1,0,0,0,0,0,0,1,0,1,0,0,0,0,0,1,0,0,0,0,0,1,0,1,0,0,0,1,0,0,1,0,0,1,0,0,0,0,0,0,0,0,0,0,1,0,0,0,1,0,,,
HER,Herbivore proliferation*,"Herbivores may become hyperabundant in urban areas, sometimes leading to pest outbreaks. ",SL,0,0,0,0,A,0,0,0,1B,B,B,B,A,A,0,0,0,0,0,0,0,0,0,0,0,0,1B,B,0,B,C,C,0,,,,,,1,0,1,0,0,0,0,1,0,0,0,0,0,0,0,0,1,0,0,,,
HF,Habitat filtering,The invasion success of non-native species in the new area is high if they are pre-adapted to this area,ME + ED,0,0,0,0,0,0,0,1,0,0,0,0,0,0,1,0,1,0,0,0,0,0,1,0,0,0,0,0,0,0,0,0,0,0,1,0,0,1,0,0,1,0,0,0,0,0,0,0,0,0,0,1,0,1,0,0,0,,,
HI,Habitat isolation,More isolated habitat islands have lower species richness. ,SL,0,0,0,0,0,0,0,1,0,0,0,0,0,0,0,0,0,0,0,0,0,0,0,0,0,0,1,0,0,1,0,0,0,,,,,,1,0,1,0,0,0,1,0,0,0,1,0,0,1,0,0,0,1,0,,,
HP,Homogenization paradigm,"Land cover change in urban areas favours homogenized communities with a high proportion of non-native, ubiquitous species.",SL,0,0,0,0,0,0,1,1,1,1,0,0,0,0,0,1,1,0,0,0,0,1,0,0,0,1,0,0,1,0,0,0,0,0,0,0,0,1,0,0,0,0,0,0,0,0,0,0,0,0,0,1,0,0,0,0,0,,,
HREL,human release," Non-native species establishment and expansion can be limited by land-management activities and cessation of these human activities can release non-native species, facilitating expansion.",ED,0,0,0,0,0,0,0,1,0,0,0,0,0,0,1,0,0,0,0,0,0,0,0,0,0,0,1,0,0,0,0,0,0,,,,,,0,0,1,0,0,0,0,1,0,0,1,0,0,0,0,0,0,1,0,,,
HRR,Home range reduction*,Many species maintain smaller home ranges in urban areas.,SL,1,0,0,0,0,0,0,0,0,0,0,0,0,0,0,0,1,0,0,0,0,0,1,0,0,0,1,0,0,0,0,0,0,0,1,0,0,1,0,0,1,0,0,0,0,0,0,0,0,0,0,1,1,0,0,0,0,,pink cell: the niche is smaller,
HS,Shift toward generalist species* aka Habitat specialist,Urban environments typically favor generalists over specialists. ,SL,0,0,0,0,0,0,0,1,1,1,1,0,0,0,0,0,0,0,0,0,0,0,0,0,0,1,0,0,1,1,1,1,0,,,,,,1,0,1,0,0,0,0,1,0,0,0,0,0,1,0,0,0,0,0,,,
HYBR,Hybridization,Hybridization of introduced species with native or non-native species can promote invasiveness in the novel range.,ED,0,0,0,0,0,0,0,1,0,0,0,0,0,0,0,0,0,0,0,0,0,0,0,0,1,0,0,0,0,0,0,0,0,,,,,,0,0,0,0,0,0,0,1,0,0,0,0,0,0,0,0,1,0,1,,,
IB,Increased boldness ,Animals tend to become bolder in urban than non-urban areas.,SL,1,0,0,0,1,0,0,0,0,0,0,0,0,0,0,0,0,0,0,0,0,0,0,0,0,0,1,0,0,0,0,0,0,0,0,0,1,0,1,0,1,0,0,0,0,0,0,0,0,0,0,0,1,0,0,0,0,,,
ID,Intermediate disturbance,Biodiversity is high in sites that show intermediate levels of disturbance and decreases with no and high levels of management.,SL,0,0,0,0,0,0,0,1,0,0,0,0,0,0,1,0,0,0,0,0,0,0,0,0,0,0,1,0,0,1,1,0,0,0,1,1,0,1,0,0,1,0,0,0,1,0,0,0,0,0,0,1,0,0,0,1,0,,,
IM,Invasional meltdown,"The presence of non-native species in an ecosystem facilitates invasion by additional species, increasing their likelihood of survival or ecological impact",ME + ED,0,0,0,0,0,0,0,1,1,B,A,A,C,C,0,0,0,0,0,0,0,0,0,0,1,1,1,A,0,A,A,A,0,,,,,,0,0,1,1,0,0,1,1,0,0,0,0,0,1,0,0,0,0,0,,,
IMD,imperialism,"Eurasian species have better invasion success relative to other species because of coevolution with Europeans and their associated species, which were globally dispersed during European imperialism.",ED,0,0,0,0,1,0,0,1,0,0,0,0,0,0,0,0,0,0,0,0,0,0,0,0,0,0,1,1,0,0,0,0,0,,,,,,0,0,0,0,0,0,0,1,0,0,0,0,0,0,0,1,1,0,0,,,
INBRE,inbreeding,"Inbreeding in introduced populations can lead to inbreeding depression, potentially inhibiting long term establishment and expansion.",ED,0,0,0,0,1,0,1,0,0,0,0,0,0,0,0,0,0,0,0,0,0,0,0,0,0,0,0,0,0,0,0,0,0,,,,,,0,0,0,0,0,0,0,0,0,0,0,0,0,0,0,0,0,0,1,,,
IRA,Increased resource availability,The invasion success of non-native species increases with the availability of resources,ME,0,0,0,0,0,0,0,0,1,0,0,A,C,C,1,0,0,0,0,0,0,0,0,0,0,0,1B,B,0,0,A,A,0,,,,,,0,0,0,0,0,0,1,1,0,0,0,0,0,0,0,0,0,0,0,,,
IS,Non-native species hypothesis* aka Invader species,Non-native species richness increases with urbanization.,SL,0,0,0,0,B,0,0,0,1B,B,C,B,C,C,0,0,0,0,0,0,0,0,0,0,0,0,1B,B,0,C,C,C,0,,,,,,0,0,0,0,0,0,1,1,0,0,0,0,0,0,0,0,0,0,1,,pink cell (from B to A): competition that determines the establishment or not of the non-native species ,
ISH,Island susceptibility hypothesis,Non-native species are more likely to become established and have major ecological impacts on islands than on continents,ME + ED,0,0,0,0,0,0,1,1,0,0,0,0,0,0,0,0,0,0,0,0,0,0,0,0,0,0,0,0,1,1,0,0,0,0,1,0,1,0,1,0,1,0,0,0,1,0,0,0,0,0,0,1,0,0,0,1,0,,,
ISU,Increased susceptibility,"If a non-native species has a lower genetic diversity than the native species, there will be a low probability that the non-native species establishes itself",ME,0,0,0,0,0,0,0,0,1,A,C,A,C,C,1,0,0,0,0,0,0,0,0,0,0,1,B,C,0,C,B,B,0,,,,,,0,0,0,1,0,0,1,0,0,0,0,0,0,0,0,1,0,1,0,,,
IUD,Ideal urban dweller*,There are specific traits that make species successful in urban ecosystems.,SL,1,1,1,1,0,0,0,0,0,0,0,0,0,B,0,0,0,0,0,0,0,0,0,0,0,0,1B,B,1,C,C,C,0,1,0,0,1,0,1,0,1,,,,,,,,,,0,1,1,0,1,0,0,,,
IW,Ideal weed,"The invasion success of a non-native species depends on its specific traits (e.g., life-history traits)",ME + ED,1,1,1,1,0,0,0,0,0,0,0,0,0,B,0,0,0,0,0,0,0,0,0,0,0,0,1B,B,0,C,C,C,1,,,,,,,,,1,0,1,0,1,0,0,0,0,0,1,1,0,1,0,0,,,
LGT,Length of generation times,Species with shorter generation times might adapt faster to the urban environment.,SL,0,0,1,0,1,0,0,0,0,0,0,0,0,0,0,0,0,0,0,0,0,0,0,0,0,0,0,0,0,0,0,0,0,,,,,,1,0,1,0,0,0,0,1,0,0,0,0,0,0,0,0,1,0,0,,,
LOF,Landscape of fear,Animals adjust their behavior and activity to avoid humans spatio-temporally.,SL,1,0,0,0,0,0,1,1,1,0,0,0,0,0,0,0,0,0,0,0,0,0,0,0,0,0,1,0,0,0,0,0,0,0,0,0,1,0,0,0,1,0,0,0,0,0,0,0,0,0,0,0,1,0,0,0,0,,pink cells: the hypothesis is not at the population or community level,
LS,Limiting similarity,"The invasion success of non-native species is high if they strongly differ from native species, and low if they are similar to native species",ME + ED,0,0,0,0,B,0,0,1,1B,B,B,B,A,A,0,0,0,0,0,0,0,0,0,0,0,0,1B,B,0,C,C,C,0,,,,,,0,0,0,0,0,0,0,1,0,0,0,0,0,1,0,0,0,0,0,,pink cell (from C to A): if functionally and phylogenetically different species then different niches and different resource consumption,
LSI,Light at night - social interaction*,Light pollution alters social interactions and group dynamics of animals.,SL,1,0,1,0,0,1,0,1,1,0,0,0,0,0,0,0,1,1,0,0,0,0,0,0,0,0,1,0,0,0,0,0,0,0,1,0,1,1,0,0,0,0,0,0,0,0,0,0,0,0,0,1,1,0,0,0,0,,"pink cell: in order to be coherent, for the hypothesis ""Acoustic Adaptation"" the link between noise pollution and human presence has been annotated by a 0",
MDH,disrupt mutualistic,Invasive populations can disrupt mutualistic interactions between native species in their introduced ranges. Disruptions may also take place at the community scale (‘Keystone Mutualist Hypothesis' (Gilbert 1980)).,ED,0,0,0,0,0,0,0,0,1,0,1,0,0,0,0,0,0,0,0,0,0,0,0,0,1,0,0,0,0,0,0,0,0,,,,,,0,0,0,0,1,0,0,0,0,0,0,0,0,1,0,0,0,0,0,,,
ME,Microbiota exposure,Urbanization reduces exposure of humans to environmental microbiota.,SL,0,0,0,0,0,0,0,1,1,0,1,0,0,0,0,1,0,0,0,0,0,0,0,0,0,1,1,0,0,1,0,0,0,1,0,0,1,0,0,0,0,0,0,0,0,0,0,0,0,0,0,1,0,1,1,0,0,,,
MM,Missed mutualisms,"In their exotic range, non-native species suffer from missing mutualists",ME + ED,0,0,0,0,0,0,0,1,1,C,A,C,C,C,0,0,0,0,0,0,0,0,0,0,0,1,1B,B,0,C,C,C,0,,,,,,0,0,0,0,0,0,0,1,0,0,0,0,0,0,0,0,0,0,0,,,
NAS,New associations,New relationships between non-native and native species can positively or negatively influence the establishment of the non-native species,ME + ED,0,0,0,0,0,0,0,1,1B,B,B,B,C,C,0,0,0,0,0,0,0,0,0,0,0,1,1B,B,0,C,C,C,0,,,,,,0,0,0,0,0,0,0,1,0,0,0,0,0,1,0,0,0,0,0,,pink cells (from B to A): the interactions are at the center of the hypothesis,
NC,Novel communities,Urban environments have novel communities that do not exist in natural environments.,SL,0,0,0,0,0,0,0,1,1,1,1,1,0,0,0,0,0,0,0,0,0,0,0,0,1,1,0,0,1,0,0,0,0,0,0,1,0,1,0,0,1,0,0,0,0,0,0,0,0,0,1,1,0,0,0,1,0,,,
NCONS,Native consumers,Invasion may be inhibited when non-native species are at increased susceptibility to consumption due to consumer preference and lack of effective defences.,ED,0,0,0,0,1,0,0,0,1,1,0,0,0,0,0,0,0,0,0,0,0,0,0,0,0,1,0,0,0,0,0,0,0,,,,,,0,0,0,0,0,0,0,1,0,0,0,0,0,0,1,0,1,0,0,,,
NHA,Nonnative species richness increases in response to human activity,Nonnative species increase with human impact hemeroby in cities (functional dimension),SL,0,0,0,0,0,0,1,0,0,0,0,0,0,0,1,0,0,0,0,0,0,0,0,0,0,0,1,0,0,1,1,1,0,,,,,,0,0,1,0,0,0,1,1,0,0,1,0,0,0,0,0,0,0,0,,,
NICHER,residents,"Non-native species similar to residents can become ‘sleeper' invasives, waiting for disturbance to facilitate expansion, as similarity ensures habitat suitability. See also the concept of ‘invasion debt'.",ED,0,0,0,0,0,0,0,1,0,0,0,0,1,1,0,0,0,0,0,0,0,0,0,0,0,0,0,0,0,1,0,0,0,,,,,,0,0,0,0,0,0,0,1,0,0,0,0,0,1,0,0,0,0,0,,,
NNS,Non-native substitution*,Nonnative Plants in urban areas can sometimes substitute the loss of ressources provided by native Plants.,SL,0,0,0,0,0,0,0,0,1,0,0,0,0,0,0,0,0,0,0,0,0,0,0,0,1,1,0,0,0,0,1,0,0,0,0,1,0,1,0,0,0,0,1,0,0,0,0,0,0,0,0,1,1,0,0,1,0,,,
NRU,Nonnative species richness increases along the rural-urban gradient,Nonnative species increase along the rural-urban gradient spatial dimension,SL,0,0,0,0,0,0,1,0,0,0,0,0,0,0,1,0,0,0,0,0,0,0,0,0,0,0,1,1,0,1,1,1,0,,,,,,0,0,1,0,0,0,1,0,0,0,0,0,0,1,0,0,0,0,0,,,
NW,Novel weapons,"In the exotic range, non-native species can have a competitive advantage against native species because they possess a novel weapon, that is, a trait that is new to the resident community of native species and, therefore, affects them negatively",ME + ED,0,0,0,0,A,0,0,0,1,A,C,A,A,A,0,0,0,0,0,0,0,0,0,0,0,1,1B,B,0,C,C,C,0,,,,,,0,0,0,0,0,0,1,1,0,0,0,0,0,0,0,0,1,0,0,,,
OPH,Opportunism hypothesis for invasive species,Invasive species are better able to exploit niche opportunities generated by human activities than most native species.,SL,0,0,0,0,0,1,0,0,1,0,0,1,0,0,0,0,0,0,0,0,0,0,0,0,0,0,1,0,0,1,0,0,0,,,,,,1,0,1,0,0,0,0,1,0,0,0,0,0,1,0,0,0,0,0,,,
OW,Opportunity windows,"The invasion success of non-native species increases with the availability of empty niches in the exotic range, and the availability of these niches fluctuates spatio-temporally",ME + ED,0,0,0,0,0,0,0,0,0,C,C,C,C,C,1,0,0,0,0,0,0,0,0,0,0,0,B,C,0,B,A,A,0,,,,,,0,0,0,0,0,0,1,1,0,0,0,0,0,0,0,0,0,0,0,,,
PES,﻿Pest outbreaks - defense-free space,"Alien arthropods proliferate on ""naive"" native host Plants.",SL,0,0,0,1,A,0,0,0,1,A,A,A,C,C,0,0,0,0,0,0,0,0,0,0,0,0,0,C,0,C,C,C,0,,,,,,0,0,0,0,0,0,0,1,0,0,0,0,0,0,0,0,1,0,0,,,
PH,Plasticity hypothesis,Invasive species are more phenotypically plastic than non-invasive or native ones,ME + ED,0,0,0,0,0,0,1,1,0,0,0,0,0,0,0,0,0,0,0,0,0,0,0,0,0,0,1,1,0,0,0,0,0,0,0,1,1,0,1,1,1,0,0,0,1,0,0,0,0,0,0,0,0,0,0,1,0,,,
PHC,High propagule pressure in cities*,A higher proportion of alien taxa in captivity and cultivation leads to an increased propagule pressure in cities.,SL,1,0,0,0,0,0,0,0,1,0,0,1,0,0,0,0,0,0,0,0,0,0,0,0,0,1,0,0,0,0,1,0,0,0,0,0,0,0,0,0,0,0,1,0,0,0,0,0,0,0,0,0,1,0,0,0,0,,,
PHS,Plant host switching ,"The abundance of alien Plants in the urban core encourages native arthropods (herbivores, pollinators) to switch from native to alien host.",SL,0,0,0,1,1,0,0,0,0,0,0,0,0,0,0,0,0,0,0,0,0,0,0,0,0,0,0,0,0,0,0,0,0,,,,,,0,0,0,0,0,0,0,1,0,0,0,0,0,0,0,0,1,0,1,,,
PO,Polyploidy hypothesis,"Polyploid organisms, particularly Plants, are predicted to have an increased invasion success, since polyploidy can lead to higher fitness during the establishment phase and/or increased potential for subsequent adaptation",ME,0,0,0,0,1,0,0,1,1,1,0,0,1,1,0,0,0,0,0,0,0,0,0,0,0,1,0,0,0,0,1,1,0,,,,,,0,0,0,1,0,0,1,1,0,0,0,0,0,1,0,0,0,0,0,,,
PP,Propagule pressure,A high propagule pressure (a composite measure consisting of the number of individuals introduced per introduction event and the frequency of introduction events) is a cause of invasion success,,0,0,0,0,0,0,1,0,0,C,C,C,C,C,0,0,0,0,0,0,0,0,0,0,0,0,1,A,0,C,C,C,0,0,0,1,1,0,1,1,1,0,0,0,0,1,0,1,0,0,0,0,0,0,0,1,0,,,
PPH,Population pressure hypothesis,Urban habitats serve as sinks for rural dispersers. Continuous gene flow between rural source and urban sink populations prohibits pronounced genetic differentiation.,SL,0,0,0,0,0,0,1,0,0,0,0,0,0,0,1,0,0,0,0,0,0,0,0,0,0,0,0,0,1,0,0,1,1,1,0,1,0,1,1,0,1,0,0,0,0,0,0,0,0,0,0,0,0,0,1,0,1,,,
PR,Predator relaxation,"Predator density, prey mortality and/or prey fearfulness are lower in urban than non-urban areas.",SL,0,0,0,0,0,0,1,1,1,1,0,0,0,0,0,0,0,0,0,0,0,0,0,0,0,1,0,0,0,0,0,0,0,1,0,0,0,1,0,0,1,0,0,0,0,0,0,0,0,0,0,1,1,0,0,0,0,,,
PRE,Predator proliferation,Predator densities and/or predation rates are higher in urban than non-urban areas.,SL,1,0,0,0,0,0,1,1,1,1,0,0,0,0,0,0,0,0,0,0,0,0,0,0,0,0,0,0,1,0,0,0,0,1,0,0,0,1,1,0,1,0,0,0,0,0,0,0,0,0,0,1,1,0,0,0,0,,,
PS,Prey specialization,"""The diet of carnivorous mesopredators will be increasingly dominated by a few species with urbanization. These prey species will be hyperabundant within cities. The predation rate on prey species that are not hyperabundant will decline with urbanization."" (p. 816 in Fischer et al. 2012)",SL,1,0,0,0,0,1,0,0,1,1,0,0,0,0,0,0,0,0,0,0,0,0,0,0,0,1,0,0,0,0,0,0,0,1,0,0,0,1,0,0,1,0,0,0,0,0,0,0,0,0,0,1,1,0,0,0,0,,,
PUC,Preadaptation to urban conditions,"Urban dwellers are preadapted to urban environments, i.e. they already possessed beneficial traits (e.g. drought resistance) outside of cities that are advantageous in urban environments.",SL,0,0,0,0,1,0,0,0,0,0,0,0,1,1,0,0,0,0,0,0,0,0,0,0,0,0,0,0,0,0,0,0,0,,,,,,1,0,1,0,0,0,0,1,0,0,0,0,0,0,0,0,1,0,0,,,
PURG,purged,"Lethal mutations and part of the mutation load can be purged in small populations (Glémin 2003), such as founding populations of introduced species (Willi et al. 2006).",ED,0,0,0,0,1,0,1,0,0,0,0,0,0,0,0,0,0,0,0,0,0,0,0,0,0,0,0,0,0,0,0,0,0,,,,,,0,0,0,0,0,0,0,1,0,0,0,0,0,0,0,0,0,0,1,,,
RA,Rapid adaptation ,Rates of evolutionary change are greater in urbanizing systems.,SL,0,0,0,0,1,1,0,0,0,0,0,0,0,0,0,0,0,0,0,0,0,0,0,0,0,0,1,0,1,1,0,1,0,1,0,1,1,1,1,1,1,0,0,0,0,1,0,0,0,0,0,0,0,0,1,0,1,,,
RER,Resource-enemy release,"The non-native species is released from its natural enemies and can spend more energy in its reproduction, and invasion success increases with the availability of resources",ME + ED,0,0,1,0,1,0,0,0,1,A,C,A,C,C,0,0,0,0,0,0,0,0,0,0,0,0,1B,B,0,C,A,A,0,,,,,,0,0,0,0,0,0,1,1,0,0,0,0,0,0,0,0,0,0,0,,,
RI,Reckless invader aka ‘boom-bust’,A population of a non-native species that is highly successful shortly after its introduction can decline or disappear over time due to different reasons (such as competition with other introduced species or adaptation by native species),ME,0,0,0,0,B,0,0,0,1B,B,B,B,C,B,0,0,0,0,0,0,0,0,0,0,0,0,0,C,0,C,B,B,0,,,,,,0,0,0,0,0,0,1,1,0,0,0,0,0,0,0,0,0,0,0,,,
RO,Reproductive output,Urban dwellers generally have a higher reproductive output than urban visitors also outside of cities. ,SL,0,0,1,0,0,0,1,0,0,0,0,0,0,0,0,0,0,0,0,0,0,0,0,0,0,0,0,0,0,0,0,0,0,,,,,,1,0,1,0,0,0,0,1,0,0,0,0,0,1,0,0,0,0,0,,,
RUH,Resilience of urban hybrid systems*,"""Resilience in urban ecosystems is a function of the patterns of human activities and natural habitats that control and are controlled by both socio-economic and biophysical processes operating at various scales"". (p. 242 in Alberti & Marzluff 2004)",SL,0,0,0,0,0,0,0,0,0,0,0,0,0,0,0,1,0,0,0,0,0,0,0,0,0,0,1,0,1,0,0,0,0,1,0,1,1,0,0,0,0,0,0,0,0,0,0,0,0,0,0,1,0,1,0,1,0,,,
SAR,Species-area relationship,Species richness and diversity increase with habitat size.,SL,0,0,0,0,0,0,0,1,0,0,0,0,0,0,1,0,1,0,0,0,0,0,1,0,0,0,0,0,0,0,1,0,0,0,1,0,0,1,0,0,1,0,0,0,0,0,0,0,0,0,0,1,0,1,0,1,0,,,
SBE,Street barrier effect,Streets act as dispersal barriers.,SL,0,0,0,0,0,0,1,0,0,0,0,0,0,0,0,0,1,0,0,0,0,0,1,0,0,0,0,0,0,1,0,0,0,0,1,0,1,0,0,0,1,0,0,0,0,0,0,0,0,0,0,1,1,1,0,1,0,,,
SCE,Street corridor effect,Streets act as dispersal corridors.,SL,0,0,0,0,0,0,1,0,0,0,0,0,0,0,0,0,1,0,0,0,0,0,1,0,0,0,0,0,0,1,0,0,0,0,1,0,1,0,0,0,1,0,0,0,0,0,0,0,0,0,0,1,1,1,0,1,0,,,
SDH,Shifting defence hypothesis,"After having been released from natural specialist enemies, non-native species will allocate more energy to cheap (energy-inexpensive) defences against generalist enemies and less energy to expensive defences against specialist enemies (this re-allocation is due to genetic changes); the energy gained in this way will be invested in growth and/or reproduction, which makes the non-native species more competitive",ME + ED,0,0,0,0,B,0,0,0,1,A,C,A,C,C,0,0,0,0,0,0,0,0,0,0,0,1,0,C,0,C,C,C,0,,,,,,0,0,0,0,0,0,1,1,0,0,0,0,0,0,0,0,0,0,0,,"pink cell (from B to A): evolution in the energy allocation of the organism + ""this re-allocation is due to genetic changes"" (Enders' definition)",
SG,Specialist-generalist,Non-native species are more successful in a new region if the local predators are specialists and local mutualists are generalists,ME + ED,0,0,0,0,0,0,0,1,1,A,A,C,C,C,0,0,0,0,0,0,0,0,0,0,0,0,1B,B,0,C,C,C,0,,,,,,0,0,0,0,0,0,1,0,0,0,0,0,0,1,0,0,0,0,0,,,
SL,Synanthropy-latitude*,The proportion of synanthropic species in cities increases towards the north.,SL,0,0,0,0,0,0,1,0,0,0,0,0,0,0,1,0,0,0,0,0,0,0,0,0,0,0,1,0,0,0,0,0,0,,,,,,0,0,1,0,0,0,1,0,0,0,0,0,0,0,0,1,0,0,0,,,
SMS,Shift toward non-migratory species*,Urbanization favors non-migratory species.,SL,1,0,0,0,0,0,0,1,0,0,0,0,0,0,0,0,0,0,0,0,0,0,0,0,0,0,0,0,1,0,0,0,0,0,0,0,0,0,1,0,0,0,0,0,0,0,0,0,0,0,0,0,1,0,0,0,0,,,
SORT,spatial sorting,Mating between individuals with high dispersal ability at the leading edge of invasion may lead to natural selection and novel phenotypes due to spatial sorting.,ED,0,0,0,0,1,0,0,0,0,0,0,0,0,0,0,0,0,0,0,0,0,0,0,0,0,0,0,0,0,0,0,0,0,,,,,,0,0,0,0,0,0,0,1,0,0,0,0,0,0,0,0,1,0,1,,,
SP,Sampling,"A large number of different non-native species is more likely to become invasive than a small number due to interspecific competition. Also, the species identity of the locals is more important than the richness in terms of the invasion of an area",ME,0,0,0,0,0,0,0,1,1,B,B,A,C,C,0,0,0,0,0,0,0,0,0,0,0,0,1,A,0,C,C,B,0,,,,,,0,0,0,0,0,0,1,1,0,0,0,0,0,1,0,0,0,0,0,,,TH: I vote for a '1' in the cell you marked yellow
SPILL,spillover,"Introduced species may carry parasites that go on to infect local species (‘spillover') and may also catch and amplify a part of local parasites, then constituting reservoirs for parasite transmission and acting as hosts to ultimately release them into ecosystem (‘spillback').",ED,0,0,0,0,0,0,0,1,0,0,0,0,0,0,1,0,0,0,0,0,0,0,0,0,0,0,0,0,1,0,0,0,0,0,1,0,1,0,0,0,1,0,0,0,0,0,0,0,0,0,0,1,0,0,0,1,0,,,
SRH,Species richness - HPD (human population density)*,Species richness is positively correlated with human population density.,SL,0,0,0,0,0,0,0,0,1,1,0,0,0,0,0,0,0,0,0,0,0,0,0,0,0,1,0,0,0,0,0,0,0,,,,,,0,0,0,0,1,0,0,0,0,0,0,0,0,1,1,0,0,0,0,,,
SS,Synanthropic species,The number of synanthropic species increases along the rural-urban gradient.,SL,0,0,0,0,0,0,0,1,0,0,0,0,0,0,0,0,0,0,0,0,0,0,0,0,0,0,1,0,0,1,1,1,0,1,0,0,1,0,0,0,1,0,0,0,0,0,0,0,0,0,0,1,0,0,0,0,0,,,TH: I vote for '0' in the yellow cells
SUB,Suburban peak*,Species richness is highest in sub-urban areas; it is lower in urban centers and the (rural) periphery.,SL,0,0,0,0,0,0,0,1,0,0,0,0,0,0,0,0,0,0,0,0,0,0,0,0,0,0,1,0,1,1,1,1,0,0,0,0,1,0,1,0,1,0,0,0,1,0,0,0,0,0,0,0,0,0,0,0,0,,,
TEN,Tens rule,Approximately 10% of species successfully take consecutive steps of the invasion process,ME,0,0,0,0,0,0,1,0,0,C,C,C,C,C,0,0,0,0,0,0,0,0,0,0,0,0,1,A,0,C,C,C,1,,,,,,0,0,0,1,0,0,0,1,0,1,0,0,0,1,0,0,0,1,°,,,
TTI,Thermal tolerance increase,Thermal tolerance increases with urbanization.,SL,0,0,0,1,1,1,0,0,0,0,0,0,0,0,0,0,1,0,0,1,0,0,0,0,0,0,0,0,0,0,0,0,0,0,0,0,0,1,1,0,0,0,0,0,0,0,0,0,0,0,1,1,0,0,1,0,0,,,
UA,Urban avoiders,"Urban avoiders have a reduced ability to adapt, compete and/or reproduce in cities. ",SL,1,0,1,1,0,0,1,0,0,0,0,0,0,0,0,0,0,0,0,0,0,0,0,0,0,0,0,0,1,0,0,0,0,0,0,0,0,0,1,0,0,0,0,0,0,0,0,0,0,0,0,1,1,0,1,1,0,,"pink cells: the term ""compete"" is in the definition of the hypothesis",
UBH,Urban biotic homogenization,Species composition of different cities will become more and more similar as urbanization increases.,SL,0,0,0,0,0,0,0,1,0,0,0,0,0,0,0,0,0,0,0,0,0,0,0,0,0,0,0,0,1,1,0,0,0,0,0,0,1,0,0,0,1,0,1,0,1,0,0,0,0,0,0,1,0,1,0,0,0,,"pink cell (Habitat quality): depending on the proportion of urbanization, 'as urbanization increases' in the definition of the hypothesis. Pink cell (novel organism): ""urbanization leads to the [...] invasion by other species""",
UCH,Urban core herbivore decline*,The abundance of alien Plants in the urban core tends to reduce the richness and abundance of native herbivore insects incapable of using non-native Plants.,SL,0,0,0,0,0,0,1,1,1,1,0,0,0,0,0,0,0,0,0,0,0,0,0,0,1,1,0,0,0,0,1,0,0,0,0,1,0,0,1,0,1,0,1,0,0,0,0,0,0,0,0,0,0,0,0,1,0,,,
UDD,Urban density-diversity paradox* ,"Diversity typically increases as the number of individuals increase in biological communities. Urban environments, however, tend to be characterized by lower biodiversity than wildlands despite high population densities. ",SL,0,0,0,0,0,0,1,1,0,0,0,0,0,0,0,0,0,0,0,0,0,0,0,0,0,0,0,0,1,0,0,0,0,0,0,0,0,0,0,0,1,0,0,0,0,0,0,0,0,0,0,1,0,0,0,0,0,,,
UEC,Urban ecosystem convergence,All ecosystems types respond to urban land use in a convergent manner (in other words: urban ecosystems are convergent regardless of the original ecosystem they replaced).,SL,0,0,0,0,0,0,0,1,0,0,0,0,0,0,0,1,0,0,0,0,0,0,0,0,0,0,0,0,1,1,0,0,0,1,0,1,0,1,0,0,1,0,0,0,0,0,0,0,0,0,0,1,0,0,1,0,0,,,
UEE,Urban eco-evolutionary mechanisms*,"Through urbanization, humans mediate the interactions and feedback between evolution and ecology in subtle ways by introducing changes in habitat, biotic interactions, heterogeneity, novel disturbance, and social interactions. (p. 116 in Alberti 2015) ",SL,0,0,0,0,1,0,0,0,0,0,0,0,0,0,0,0,0,0,0,0,0,0,0,0,0,0,1,0,1,1,0,1,0,0,0,1,1,1,0,0,0,0,0,0,0,0,0,0,0,0,0,0,0,0,1,0,0,,,
UEF,Urbanization ecosystem functioning*,Urbanization leads to a reduction in ecosystem functions and services.,SL,0,0,0,0,0,0,0,0,0,0,0,0,0,0,0,1,0,0,0,0,0,0,0,0,0,0,0,0,1,0,0,0,0,0,0,0,0,1,0,0,0,#REF!,0,0,0,0,0,0,0,0,0,0,0,0,0,1,0,,,
UEI,"""Urban effect"" on invasion","The number of non-native species moving through each invasion stage (transport, introduction, esttablishment, spread) is higher in urban areas than in natural environments.",SL,0,0,0,0,0,0,1,0,0,0,0,0,0,0,0,0,0,0,0,0,0,0,0,0,0,0,1,1,1,0,0,0,1,0,0,1,1,1,0,1,1,0,0,0,1,0,0,0,0,0,0,0,0,0,0,1,0,,,
UF,Urban fragmentation,Urbanization leads to a loss of genetic variation within and increased differentiation between populations,SL,0,0,0,0,1,0,0,0,0,0,0,0,0,0,0,0,1,0,0,0,0,0,1,0,0,0,0,0,0,1,0,0,0,0,1,0,0,0,0,0,1,0,0,0,0,0,0,0,0,0,0,1,0,0,0,0,1,,,
UHA,Urban habitat analogues*,Native species can switch to urban habitats.,SL,1,0,0,0,0,1,0,0,0,0,0,0,0,0,0,0,0,0,0,0,0,0,0,0,0,0,1,0,0,0,0,0,0,1,0,0,0,1,1,0,1,0,0,0,0,0,0,0,0,0,0,1,1,1,1,1,0,,pink cell: broad driver of change,
UHS,Urban biodiversity hot spots*,Cities are often located in areas of high biodiversity and urbanization is disproportionally higher in areas with high biodiversity.,SL,0,0,0,0,0,0,0,0,0,0,0,0,0,0,1,1,0,0,0,0,0,0,0,0,0,0,1,0,1,1,0,0,0,0,0,0,1,0,0,0,1,0,0,0,0,0,0,0,0,0,0,0,0,1,0,1,0,,,
UMR,Urban mesopredator release*,"""The abundance of large-bodied predators will decline with urbanization, whereas the abundance of mesopredators will increase."" (p. 816 in Fischer et al. 2012)",SL,0,0,0,0,0,0,1,1,1,1,0,0,0,0,0,0,0,0,0,0,0,0,0,0,0,1,0,0,1,0,1,0,0,0,0,0,0,1,1,0,0,0,0,0,0,0,0,0,0,0,0,1,0,0,0,0,0,,,
URCLM,urban climate, Urban adapted species may be more likely to become invasive because they may be better adapted to future environments because of urban climate conditions (Borden and Flory 2021),ED,1,1,1,1,1,0,0,0,0,0,0,0,0,0,1,0,1,0,0,1,0,0,0,0,0,0,0,0,0,0,0,0,0,0,0,1,0,0,1,0,0,0,0,0,0,1,0,0,0,0,1,0,0,0,1,0,0,,,TH: yellow cells seem ok to me
URCM,Urban competition,"Urban competition may increase competitiveness of urban adapted species, which may facilitate their success as invaders (Borden and Flory 2021).",ED,0,0,0,0,0,0,1,0,1,0,0,1,0,0,0,0,0,0,0,0,0,0,0,0,0,1,0,0,0,0,1,0,0,,,,,,0,0,1,0,0,0,0,1,0,0,0,0,0,1,0,0,0,0,0,,,TH: The yellow cells could stay as they are in my opinion
USI,Urban ecosystems as source of innovation*,"""The hybrid nature of urban ecosystems – resulting from co-evolving human and natural systems – is a source of ‘innovation’ in eco-evolutionary processes. "" (p. 117 in Alberti 2015)",SL,0,0,0,0,1,0,0,0,0,0,0,0,0,0,0,0,0,0,0,0,0,0,0,0,0,0,1,0,1,0,0,0,0,0,0,1,1,1,0,0,0,0,0,0,0,0,0,0,0,0,0,0,0,0,1,0,0,,,
UST,Urban sexual traits*,"In urban environments, species show shifts in several traits related to sexual selection (particularly in their coloration, acoustic signals including songs and calls, hormones, pheromones, mating behaviour).",SL,1,0,0,1,1,0,0,0,0,0,0,0,0,0,0,0,0,0,0,0,0,0,0,0,0,0,0,0,1,0,0,0,0,0,0,0,0,1,0,0,0,0,0,0,0,0,0,0,0,0,0,1,1,0,1,0,0,,,
UT,Urbanization tolerance,Biodiversity loss in cities is largely associated with a low tolerance of species to urbanization.,SL,0,0,0,0,0,0,1,1,0,0,0,0,0,0,1,0,0,0,0,0,0,0,0,0,0,0,0,0,1,1,0,0,0,0,0,0,1,1,1,0,1,0,0,0,0,0,0,0,0,0,0,1,0,0,0,1,0,,,
XE,Xerophility,The abundance of xerophilous species is increasing with urbanization. ,SL,0,0,0,0,0,0,1,0,0,0,0,0,0,0,1,0,1,0,0,1,0,0,0,1,0,0,0,0,0,1,0,0,0,,,,,,1,0,1,0,0,0,0,1,0,0,0,0,1,1,0,0,0,0,0,,,